sku,location,period,qty,days_out_of_stock,discount_pct
SKU_0001,MSK,2023-01,243.0,0,0.0
SKU_0001,MSK,2023-02,179.0,0,0.0
SKU_0001,MSK,2023-03,168.0,0,0.0
SKU_0001,MSK,2023-04,204.0,0,0.0
SKU_0001,MSK,2023-05,153.0,0,0.0
SKU_0001,MSK,2023-06,226.0,0,0.0
SKU_0001,MSK,2023-07,283.0,0,0.0
SKU_0001,MSK,2023-08,290.0,0,0.0
SKU_0001,MSK,2023-09,268.0,0,0.0
SKU_0001,MSK,2023-10,330.0,0,0.0
SKU_0001,MSK,2023-11,1172.0,0,25.0
SKU_0001,MSK,2023-12,334.0,0,0.0
SKU_0001,MSK,2024-01,281.0,0,0.0
SKU_0001,MSK,2024-02,282.0,0,0.0
SKU_0001,MSK,2024-03,241.0,0,0.0
SKU_0001,MSK,2024-04,185.0,0,0.0
SKU_0001,MSK,2024-05,230.0,0,0.0
SKU_0001,MSK,2024-06,256.0,0,0.0
SKU_0001,MSK,2024-07,281.0,0,0.0
SKU_0001,MSK,2024-08,320.0,0,0.0
SKU_0001,MSK,2024-09,350.0,0,0.0
SKU_0001,MSK,2024-10,385.0,0,0.0
SKU_0001,MSK,2024-11,1159.0,0,25.0
SKU_0001,MSK,2024-12,316.0,0,0.0
SKU_0001,MSK,2025-01,318.0,0,0.0
SKU_0001,MSK,2025-02,278.0,0,0.0
SKU_0001,MSK,2025-03,279.0,0,0.0
SKU_0001,MSK,2025-04,232.0,0,0.0
SKU_0001,MSK,2025-05,260.0,0,0.0
SKU_0001,MSK,2025-06,299.0,0,0.0
SKU_0001,MSK,2025-07,303.0,0,0.0
SKU_0001,MSK,2025-08,363.0,0,0.0
SKU_0001,MSK,2025-09,388.0,0,0.0
SKU_0001,MSK,2025-10,475.0,0,0.0
SKU_0001,MSK,2025-11,391.0,0,0.0
SKU_0001,MSK,2025-12,393.0,0,0.0
SKU_0002,MSK,2023-01,26.0,0,0.0
SKU_0002,MSK,2023-02,34.0,0,0.0
SKU_0002,MSK,2023-03,0.0,0,0.0
SKU_0002,MSK,2023-04,0.0,0,0.0
SKU_0002,MSK,2023-05,0.0,0,0.0
SKU_0002,MSK,2023-06,0.0,0,0.0
SKU_0002,MSK,2023-07,0.0,0,0.0
SKU_0002,MSK,2023-08,0.0,0,0.0
SKU_0002,MSK,2023-09,0.0,0,0.0
SKU_0002,MSK,2023-10,0.0,0,0.0
SKU_0002,MSK,2023-11,29.0,0,0.0
SKU_0002,MSK,2023-12,26.0,0,0.0
SKU_0002,MSK,2024-01,0.0,0,0.0
SKU_0002,MSK,2024-02,0.0,0,0.0
SKU_0002,MSK,2024-03,0.0,0,0.0
SKU_0002,MSK,2024-04,0.0,0,0.0
SKU_0002,MSK,2024-05,45.0,0,0.0
SKU_0002,MSK,2024-06,47.0,0,0.0
SKU_0002,MSK,2024-07,0.0,0,0.0
SKU_0002,MSK,2024-08,41.0,0,0.0
SKU_0002,MSK,2024-09,0.0,0,0.0
SKU_0002,MSK,2024-10,0.0,0,0.0
SKU_0002,MSK,2024-11,0.0,0,0.0
SKU_0002,MSK,2024-12,28.0,0,0.0
SKU_0002,MSK,2025-01,0.0,0,0.0
SKU_0002,MSK,2025-02,0.0,0,0.0
SKU_0002,MSK,2025-03,0.0,30,0.0
SKU_0002,MSK,2025-04,0.0,0,0.0
SKU_0002,MSK,2025-05,0.0,0,0.0
SKU_0002,MSK,2025-06,0.0,0,0.0
SKU_0002,MSK,2025-07,0.0,0,0.0
SKU_0002,MSK,2025-08,0.0,0,0.0
SKU_0002,MSK,2025-09,0.0,0,0.0
SKU_0002,MSK,2025-10,35.0,0,0.0
SKU_0002,MSK,2025-11,0.0,0,0.0
SKU_0002,MSK,2025-12,0.0,0,0.0
SKU_0003,EKB,2023-01,358.0,0,0.0
SKU_0003,EKB,2023-02,313.0,0,0.0
SKU_0003,EKB,2023-03,286.0,0,0.0
SKU_0003,EKB,2023-04,216.0,0,0.0
SKU_0003,EKB,2023-05,192.0,0,0.0
SKU_0003,EKB,2023-06,196.0,0,0.0
SKU_0003,EKB,2023-07,211.0,0,0.0
SKU_0003,EKB,2023-08,250.0,0,0.0
SKU_0003,EKB,2023-09,247.0,0,0.0
SKU_0003,EKB,2023-10,328.0,0,0.0
SKU_0003,EKB,2023-11,296.0,0,0.0
SKU_0003,EKB,2023-12,321.0,0,0.0
SKU_0003,EKB,2024-01,389.0,0,0.0
SKU_0003,EKB,2024-02,244.0,0,0.0
SKU_0003,EKB,2024-03,262.0,0,0.0
SKU_0003,EKB,2024-04,254.0,0,0.0
SKU_0003,EKB,2024-05,233.0,0,0.0
SKU_0003,EKB,2024-06,205.0,0,0.0
SKU_0003,EKB,2024-07,293.0,0,0.0
SKU_0003,EKB,2024-08,271.0,0,0.0
SKU_0003,EKB,2024-09,274.0,0,0.0
SKU_0003,EKB,2024-10,268.0,0,0.0
SKU_0003,EKB,2024-11,310.0,0,0.0
SKU_0003,EKB,2024-12,306.0,0,0.0
SKU_0003,EKB,2025-01,380.0,0,0.0
SKU_0003,EKB,2025-02,283.0,0,0.0
SKU_0003,EKB,2025-03,212.0,0,0.0
SKU_0003,EKB,2025-04,302.0,0,0.0
SKU_0003,EKB,2025-05,218.0,0,0.0
SKU_0003,EKB,2025-06,183.0,0,0.0
SKU_0003,EKB,2025-07,209.0,0,0.0
SKU_0003,EKB,2025-08,246.0,0,0.0
SKU_0003,EKB,2025-09,276.0,0,0.0
SKU_0003,EKB,2025-10,314.0,0,0.0
SKU_0003,EKB,2025-11,355.0,0,0.0
SKU_0003,EKB,2025-12,290.0,0,0.0
SKU_0003,MSK,2023-01,834.0,0,0.0
SKU_0003,MSK,2023-02,729.0,0,0.0
SKU_0003,MSK,2023-03,666.0,0,0.0
SKU_0003,MSK,2023-04,502.0,0,0.0
SKU_0003,MSK,2023-05,447.0,0,0.0
SKU_0003,MSK,2023-06,455.0,0,0.0
SKU_0003,MSK,2023-07,491.0,0,0.0
SKU_0003,MSK,2023-08,581.0,0,0.0
SKU_0003,MSK,2023-09,575.0,0,0.0
SKU_0003,MSK,2023-10,763.0,0,0.0
SKU_0003,MSK,2023-11,689.0,0,0.0
SKU_0003,MSK,2023-12,747.0,0,0.0
SKU_0003,MSK,2024-01,905.0,0,0.0
SKU_0003,MSK,2024-02,568.0,0,0.0
SKU_0003,MSK,2024-03,609.0,0,0.0
SKU_0003,MSK,2024-04,590.0,0,0.0
SKU_0003,MSK,2024-05,542.0,0,0.0
SKU_0003,MSK,2024-06,476.0,0,0.0
SKU_0003,MSK,2024-07,681.0,0,0.0
SKU_0003,MSK,2024-08,629.0,0,0.0
SKU_0003,MSK,2024-09,637.0,0,0.0
SKU_0003,MSK,2024-10,624.0,0,0.0
SKU_0003,MSK,2024-11,721.0,0,0.0
SKU_0003,MSK,2024-12,711.0,0,0.0
SKU_0003,MSK,2025-01,883.0,0,0.0
SKU_0003,MSK,2025-02,659.0,0,0.0
SKU_0003,MSK,2025-03,493.0,0,0.0
SKU_0003,MSK,2025-04,703.0,0,0.0
SKU_0003,MSK,2025-05,508.0,0,0.0
SKU_0003,MSK,2025-06,426.0,0,0.0
SKU_0003,MSK,2025-07,486.0,0,0.0
SKU_0003,MSK,2025-08,572.0,0,0.0
SKU_0003,MSK,2025-09,643.0,0,0.0
SKU_0003,MSK,2025-10,731.0,0,0.0
SKU_0003,MSK,2025-11,825.0,0,0.0
SKU_0003,MSK,2025-12,674.0,0,0.0
SKU_0004,MSK,2023-01,499.0,0,0.0
SKU_0004,MSK,2023-02,652.0,0,0.0
SKU_0004,MSK,2023-03,651.0,0,0.0
SKU_0004,MSK,2023-04,643.0,0,0.0
SKU_0004,MSK,2023-05,905.0,0,0.0
SKU_0004,MSK,2023-06,771.0,0,0.0
SKU_0004,MSK,2023-07,616.0,0,0.0
SKU_0004,MSK,2023-08,747.0,0,0.0
SKU_0004,MSK,2023-09,587.0,0,0.0
SKU_0004,MSK,2023-10,459.0,0,0.0
SKU_0004,MSK,2023-11,348.0,0,0.0
SKU_0004,MSK,2023-12,522.0,0,0.0
SKU_0004,MSK,2024-01,609.0,0,0.0
SKU_0004,MSK,2024-02,530.0,0,0.0
SKU_0004,MSK,2024-03,915.0,0,0.0
SKU_0004,MSK,2024-04,851.0,0,0.0
SKU_0004,MSK,2024-05,797.0,0,0.0
SKU_0004,MSK,2024-06,921.0,0,0.0
SKU_0004,MSK,2024-07,896.0,0,0.0
SKU_0004,MSK,2024-08,865.0,0,0.0
SKU_0004,MSK,2024-09,604.0,0,0.0
SKU_0004,MSK,2024-10,488.0,0,0.0
SKU_0004,MSK,2024-11,544.0,0,0.0
SKU_0004,MSK,2024-12,646.0,0,0.0
SKU_0004,MSK,2025-01,610.0,0,0.0
SKU_0004,MSK,2025-02,862.0,0,0.0
SKU_0004,MSK,2025-03,861.0,0,0.0
SKU_0004,MSK,2025-04,844.0,0,0.0
SKU_0004,MSK,2025-05,1049.0,0,0.0
SKU_0004,MSK,2025-06,1059.0,0,0.0
SKU_0004,MSK,2025-07,693.0,0,0.0
SKU_0004,MSK,2025-08,631.0,0,0.0
SKU_0004,MSK,2025-09,707.0,0,0.0
SKU_0004,MSK,2025-10,580.0,0,0.0
SKU_0004,MSK,2025-11,605.0,0,0.0
SKU_0004,MSK,2025-12,648.0,0,0.0
SKU_0005,MSK,2023-01,563.0,0,0.0
SKU_0005,MSK,2023-02,684.0,0,0.0
SKU_0005,MSK,2023-03,877.0,0,0.0
SKU_0005,MSK,2023-04,712.0,0,0.0
SKU_0005,MSK,2023-05,639.0,0,0.0
SKU_0005,MSK,2023-06,537.0,0,0.0
SKU_0005,MSK,2023-09,501.0,0,0.0
SKU_0005,MSK,2023-10,297.0,0,0.0
SKU_0005,MSK,2023-11,651.0,0,0.0
SKU_0005,MSK,2023-12,636.0,0,0.0
SKU_0005,MSK,2024-01,838.0,0,0.0
SKU_0005,MSK,2024-02,590.0,0,0.0
SKU_0005,MSK,2024-03,762.0,0,0.0
SKU_0005,MSK,2024-04,667.0,0,0.0
SKU_0005,MSK,2024-05,689.0,0,0.0
SKU_0005,MSK,2024-06,545.0,0,0.0
SKU_0005,MSK,2024-07,401.0,0,0.0
SKU_0005,MSK,2024-09,521.0,0,0.0
SKU_0005,MSK,2024-10,520.0,0,0.0
SKU_0005,MSK,2024-11,611.0,0,0.0
SKU_0005,MSK,2024-12,709.0,0,0.0
SKU_0005,MSK,2025-01,831.0,0,0.0
SKU_0005,MSK,2025-02,666.0,0,0.0
SKU_0005,MSK,2025-03,728.0,0,0.0
SKU_0005,MSK,2025-04,744.0,0,0.0
SKU_0005,MSK,2025-06,627.0,0,0.0
SKU_0005,MSK,2025-07,633.0,0,0.0
SKU_0005,MSK,2025-08,615.0,0,0.0
SKU_0005,MSK,2025-09,593.0,0,0.0
SKU_0005,MSK,2025-10,613.0,0,0.0
SKU_0005,MSK,2025-11,669.0,0,0.0
SKU_0005,MSK,2025-12,610.0,0,0.0
SKU_0006,MSK,2023-01,163.0,0,0.0
SKU_0006,MSK,2023-02,151.0,0,0.0
SKU_0006,MSK,2023-03,157.0,0,0.0
SKU_0006,MSK,2023-04,132.0,0,0.0
SKU_0006,MSK,2023-05,123.0,0,0.0
SKU_0006,MSK,2023-06,101.0,0,0.0
SKU_0006,MSK,2023-07,88.0,0,0.0
SKU_0006,MSK,2023-08,100.0,0,0.0
SKU_0006,MSK,2023-09,91.0,0,0.0
SKU_0006,MSK,2023-10,110.0,0,0.0
SKU_0006,MSK,2023-11,115.0,0,0.0
SKU_0006,MSK,2023-12,138.0,0,0.0
SKU_0006,MSK,2024-01,155.0,0,0.0
SKU_0006,MSK,2024-02,116.0,0,0.0
SKU_0006,MSK,2024-03,476.0,0,25.0
SKU_0006,MSK,2024-04,141.0,0,0.0
SKU_0006,MSK,2024-05,128.0,0,0.0
SKU_0006,MSK,2024-06,123.0,0,0.0
SKU_0006,MSK,2024-07,97.0,0,0.0
SKU_0006,MSK,2024-08,93.0,0,0.0
SKU_0006,MSK,2024-09,101.0,0,0.0
SKU_0006,MSK,2024-10,102.0,0,0.0
SKU_0006,MSK,2024-11,121.0,0,0.0
SKU_0006,MSK,2024-12,138.0,0,0.0
SKU_0006,MSK,2025-01,154.0,0,0.0
SKU_0006,MSK,2025-02,160.0,0,0.0
SKU_0006,MSK,2025-03,179.0,0,0.0
SKU_0006,MSK,2025-04,134.0,0,0.0
SKU_0006,MSK,2025-05,129.0,0,0.0
SKU_0006,MSK,2025-06,117.0,0,0.0
SKU_0006,MSK,2025-07,97.0,0,0.0
SKU_0006,MSK,2025-08,90.0,0,0.0
SKU_0006,MSK,2025-09,97.0,0,0.0
SKU_0006,MSK,2025-10,103.0,0,0.0
SKU_0006,MSK,2025-11,132.0,0,0.0
SKU_0006,MSK,2025-12,164.0,0,0.0
SKU_0007,MSK,2023-01,1171.0,0,0.0
SKU_0007,MSK,2023-02,947.0,0,0.0
SKU_0007,MSK,2023-03,1058.0,0,0.0
SKU_0007,MSK,2023-04,1200.0,0,0.0
SKU_0007,MSK,2023-05,1383.0,0,0.0
SKU_0007,MSK,2023-06,1535.0,0,0.0
SKU_0007,MSK,2023-07,1735.0,0,0.0
SKU_0007,MSK,2023-08,1481.0,0,0.0
SKU_0007,MSK,2023-09,1466.5,30,0.0
SKU_0007,MSK,2023-10,1466.5,30,0.0
SKU_0007,MSK,2023-11,1749.0,0,0.0
SKU_0007,MSK,2023-12,1550.0,0,0.0
SKU_0007,MSK,2024-01,1452.0,0,0.0
SKU_0007,MSK,2024-02,1294.0,0,0.0
SKU_0007,MSK,2024-03,1093.0,0,0.0
SKU_0007,MSK,2024-04,1000.0,0,0.0
SKU_0007,MSK,2024-05,1349.0,0,0.0
SKU_0007,MSK,2024-06,1713.0,0,0.0
SKU_0007,MSK,2024-07,1530.0,0,0.0
SKU_0007,MSK,2024-08,1441.0,0,0.0
SKU_0007,MSK,2024-09,2055.0,0,0.0
SKU_0007,MSK,2024-10,2067.0,0,0.0
SKU_0007,MSK,2024-11,1817.0,0,0.0
SKU_0007,MSK,2024-12,1630.0,0,0.0
SKU_0007,MSK,2025-01,1288.0,0,0.0
SKU_0007,MSK,2025-02,1430.0,0,0.0
SKU_0007,MSK,2025-03,1162.0,0,0.0
SKU_0007,MSK,2025-04,1334.0,0,0.0
SKU_0007,MSK,2025-05,1125.0,0,0.0
SKU_0007,MSK,2025-06,1558.0,0,0.0
SKU_0007,MSK,2025-07,1412.0,0,0.0
SKU_0007,MSK,2025-08,1732.0,0,0.0
SKU_0007,MSK,2025-09,1964.0,0,0.0
SKU_0007,MSK,2025-10,1936.0,0,0.0
SKU_0007,MSK,2025-11,1785.0,0,0.0
SKU_0007,MSK,2025-12,2095.0,0,0.0
SKU_0008,EKB,2023-01,132.0,0,0.0
SKU_0008,EKB,2023-02,148.0,0,0.0
SKU_0008,EKB,2023-03,178.0,0,0.0
SKU_0008,EKB,2023-04,242.0,0,0.0
SKU_0008,EKB,2023-05,163.0,0,0.0
SKU_0008,EKB,2023-06,337.0,0,0.0
SKU_0008,EKB,2023-07,216.0,0,0.0
SKU_0008,EKB,2023-08,327.0,0,0.0
SKU_0008,EKB,2023-09,232.0,0,0.0
SKU_0008,EKB,2023-10,178.0,0,0.0
SKU_0008,EKB,2023-11,180.0,0,0.0
SKU_0008,EKB,2023-12,188.0,0,0.0
SKU_0008,EKB,2024-01,191.0,0,0.0
SKU_0008,EKB,2024-02,179.0,0,0.0
SKU_0008,EKB,2024-03,193.0,0,0.0
SKU_0008,EKB,2024-04,174.0,0,0.0
SKU_0008,EKB,2024-05,241.0,0,0.0
SKU_0008,EKB,2024-06,353.0,0,0.0
SKU_0008,EKB,2024-07,279.0,0,0.0
SKU_0008,EKB,2024-08,324.0,0,0.0
SKU_0008,EKB,2024-09,246.0,0,0.0
SKU_0008,EKB,2024-10,267.0,0,0.0
SKU_0008,EKB,2024-11,213.0,0,0.0
SKU_0008,EKB,2024-12,201.0,0,0.0
SKU_0008,EKB,2025-01,177.0,0,0.0
SKU_0008,EKB,2025-02,259.0,0,0.0
SKU_0008,EKB,2025-03,181.0,0,0.0
SKU_0008,EKB,2025-04,250.0,0,0.0
SKU_0008,EKB,2025-05,312.0,0,0.0
SKU_0008,EKB,2025-06,362.0,0,0.0
SKU_0008,EKB,2025-07,417.0,0,0.0
SKU_0008,EKB,2025-08,288.0,0,0.0
SKU_0008,EKB,2025-09,337.0,0,0.0
SKU_0008,EKB,2025-10,267.0,0,0.0
SKU_0008,EKB,2025-11,295.0,0,0.0
SKU_0008,EKB,2025-12,197.0,0,0.0
SKU_0008,MSK,2023-01,395.0,0,0.0
SKU_0008,MSK,2023-02,443.0,0,0.0
SKU_0008,MSK,2023-03,533.0,0,0.0
SKU_0008,MSK,2023-04,723.0,0,0.0
SKU_0008,MSK,2023-05,486.0,0,0.0
SKU_0008,MSK,2023-06,1009.0,0,0.0
SKU_0008,MSK,2023-07,645.0,0,0.0
SKU_0008,MSK,2023-08,979.0,0,0.0
SKU_0008,MSK,2023-09,694.0,0,0.0
SKU_0008,MSK,2023-10,532.0,0,0.0
SKU_0008,MSK,2023-11,537.0,0,0.0
SKU_0008,MSK,2023-12,563.0,0,0.0
SKU_0008,MSK,2024-01,572.0,0,0.0
SKU_0008,MSK,2024-02,537.0,0,0.0
SKU_0008,MSK,2024-03,578.0,0,0.0
SKU_0008,MSK,2024-04,519.0,0,0.0
SKU_0008,MSK,2024-05,721.0,0,0.0
SKU_0008,MSK,2024-06,1056.0,0,0.0
SKU_0008,MSK,2024-07,836.0,0,0.0
SKU_0008,MSK,2024-08,970.0,0,0.0
SKU_0008,MSK,2024-09,735.0,0,0.0
SKU_0008,MSK,2024-10,798.0,0,0.0
SKU_0008,MSK,2024-11,639.0,0,0.0
SKU_0008,MSK,2024-12,601.0,0,0.0
SKU_0008,MSK,2025-01,529.0,0,0.0
SKU_0008,MSK,2025-02,775.0,0,0.0
SKU_0008,MSK,2025-03,542.0,0,0.0
SKU_0008,MSK,2025-04,747.0,0,0.0
SKU_0008,MSK,2025-05,932.0,0,0.0
SKU_0008,MSK,2025-06,1083.0,0,0.0
SKU_0008,MSK,2025-07,1246.0,0,0.0
SKU_0008,MSK,2025-08,862.0,0,0.0
SKU_0008,MSK,2025-09,1007.0,0,0.0
SKU_0008,MSK,2025-10,799.0,0,0.0
SKU_0008,MSK,2025-11,883.0,0,0.0
SKU_0008,MSK,2025-12,588.0,0,0.0
SKU_0009,MSK,2023-01,8.0,0,0.0
SKU_0009,MSK,2023-02,7.0,0,0.0
SKU_0009,MSK,2023-03,0.0,0,0.0
SKU_0009,MSK,2023-04,7.0,0,0.0
SKU_0009,MSK,2023-05,5.0,0,0.0
SKU_0009,MSK,2023-06,0.0,0,0.0
SKU_0009,MSK,2023-07,0.0,0,0.0
SKU_0009,MSK,2023-08,0.0,0,0.0
SKU_0009,MSK,2023-09,0.0,0,0.0
SKU_0009,MSK,2023-10,0.0,0,0.0
SKU_0009,MSK,2023-11,0.0,0,0.0
SKU_0009,MSK,2023-12,0.0,0,0.0
SKU_0009,MSK,2024-01,0.0,0,0.0
SKU_0009,MSK,2024-02,0.0,0,0.0
SKU_0009,MSK,2024-03,0.0,30,0.0
SKU_0009,MSK,2024-04,0.0,0,0.0
SKU_0009,MSK,2024-05,0.0,0,0.0
SKU_0009,MSK,2024-06,6.0,0,0.0
SKU_0009,MSK,2024-07,0.0,0,0.0
SKU_0009,MSK,2024-08,8.0,0,0.0
SKU_0009,MSK,2024-09,0.0,0,0.0
SKU_0009,MSK,2024-10,0.0,0,0.0
SKU_0009,MSK,2024-11,0.0,0,0.0
SKU_0009,MSK,2024-12,12.0,0,0.0
SKU_0009,MSK,2025-01,10.0,0,0.0
SKU_0009,MSK,2025-02,0.0,0,0.0
SKU_0009,MSK,2025-03,0.0,0,0.0
SKU_0009,MSK,2025-04,0.0,0,0.0
SKU_0009,MSK,2025-05,0.0,0,0.0
SKU_0009,MSK,2025-06,6.0,0,0.0
SKU_0009,MSK,2025-07,0.0,0,0.0
SKU_0009,MSK,2025-08,7.0,0,0.0
SKU_0009,MSK,2025-09,0.0,0,0.0
SKU_0009,MSK,2025-10,0.0,30,0.0
SKU_0009,MSK,2025-11,0.0,0,0.0
SKU_0009,MSK,2025-12,0.0,0,0.0
SKU_0010,MSK,2023-01,2572.0,0,0.0
SKU_0010,MSK,2023-02,2948.0,0,0.0
SKU_0010,MSK,2023-03,3565.0,0,0.0
SKU_0010,MSK,2023-04,1952.0,0,0.0
SKU_0010,MSK,2023-05,2974.0,0,0.0
SKU_0010,MSK,2023-06,2408.0,0,0.0
SKU_0010,MSK,2023-07,3056.0,0,0.0
SKU_0010,MSK,2023-08,3610.0,0,0.0
SKU_0010,MSK,2023-09,3642.0,0,0.0
SKU_0010,MSK,2023-10,3739.0,0,0.0
SKU_0010,MSK,2023-11,3059.0,0,0.0
SKU_0010,MSK,2023-12,4349.0,0,0.0
SKU_0010,MSK,2024-01,3268.0,0,0.0
SKU_0010,MSK,2024-02,2280.0,0,0.0
SKU_0010,MSK,2024-03,1637.0,0,0.0
SKU_0010,MSK,2024-04,2119.0,0,0.0
SKU_0010,MSK,2024-05,2738.0,0,0.0
SKU_0010,MSK,2024-06,2646.0,0,0.0
SKU_0010,MSK,2024-07,3145.0,0,0.0
SKU_0010,MSK,2024-08,3927.0,0,0.0
SKU_0010,MSK,2024-09,3917.0,0,0.0
SKU_0010,MSK,2024-10,2965.0,0,0.0
SKU_0010,MSK,2024-11,3758.0,0,0.0
SKU_0010,MSK,2024-12,2824.0,0,0.0
SKU_0010,MSK,2025-01,3598.0,0,0.0
SKU_0010,MSK,2025-02,2671.0,0,0.0
SKU_0010,MSK,2025-03,2849.0,0,0.0
SKU_0010,MSK,2025-04,2374.0,0,0.0
SKU_0010,MSK,2025-05,2279.0,0,0.0
SKU_0010,MSK,2025-06,3014.0,0,0.0
SKU_0010,MSK,2025-07,2811.0,0,0.0
SKU_0010,MSK,2025-08,3444.0,0,0.0
SKU_0010,MSK,2025-09,4076.0,0,0.0
SKU_0010,MSK,2025-10,2855.0,0,0.0
SKU_0010,MSK,2025-11,4080.0,0,0.0
SKU_0010,MSK,2025-12,4876.0,0,0.0
SKU_0012,MSK,2023-01,546.0,0,0.0
SKU_0012,MSK,2023-02,458.0,0,0.0
SKU_0012,MSK,2023-03,725.0,0,0.0
SKU_0012,MSK,2023-04,726.0,0,0.0
SKU_0012,MSK,2023-05,798.0,0,0.0
SKU_0012,MSK,2023-06,624.0,0,0.0
SKU_0012,MSK,2023-07,600.0,0,0.0
SKU_0012,MSK,2023-08,681.0,0,0.0
SKU_0012,MSK,2023-09,552.0,0,0.0
SKU_0012,MSK,2023-10,572.0,0,0.0
SKU_0012,MSK,2023-11,448.0,0,0.0
SKU_0012,MSK,2023-12,627.0,0,0.0
SKU_0012,MSK,2024-01,703.0,0,0.0
SKU_0012,MSK,2024-02,802.0,0,0.0
SKU_0012,MSK,2024-03,835.0,0,0.0
SKU_0012,MSK,2024-04,746.0,0,0.0
SKU_0012,MSK,2024-05,929.0,0,0.0
SKU_0012,MSK,2024-06,840.0,0,0.0
SKU_0012,MSK,2024-07,758.0,0,0.0
SKU_0012,MSK,2024-08,790.0,0,0.0
SKU_0012,MSK,2024-09,725.0,30,0.0
SKU_0012,MSK,2024-10,725.0,30,0.0
SKU_0012,MSK,2024-11,725.0,30,0.0
SKU_0012,MSK,2024-12,631.0,0,0.0
SKU_0012,MSK,2025-01,785.0,0,0.0
SKU_0012,MSK,2025-02,804.0,0,0.0
SKU_0012,MSK,2025-03,979.0,0,0.0
SKU_0012,MSK,2025-04,966.0,0,0.0
SKU_0012,MSK,2025-05,1000.0,0,0.0
SKU_0012,MSK,2025-06,874.0,0,0.0
SKU_0012,MSK,2025-07,767.0,0,0.0
SKU_0012,MSK,2025-08,661.0,0,0.0
SKU_0012,MSK,2025-09,641.0,0,0.0
SKU_0012,MSK,2025-10,606.0,0,0.0
SKU_0012,MSK,2025-11,526.0,0,0.0
SKU_0012,MSK,2025-12,710.0,0,0.0
SKU_0013,MSK,2023-01,1005.0,0,0.0
SKU_0013,MSK,2023-02,1359.0,0,0.0
SKU_0013,MSK,2023-03,1460.0,0,0.0
SKU_0013,MSK,2023-04,1799.0,0,0.0
SKU_0013,MSK,2023-05,1559.0,0,0.0
SKU_0013,MSK,2023-06,1644.0,0,0.0
SKU_0013,MSK,2023-07,2362.0,0,0.0
SKU_0013,MSK,2023-08,1669.0,0,0.0
SKU_0013,MSK,2023-09,1600.0,0,0.0
SKU_0013,MSK,2023-10,1314.0,0,0.0
SKU_0013,MSK,2023-11,1221.0,0,0.0
SKU_0013,MSK,2023-12,949.0,0,0.0
SKU_0013,MSK,2024-01,1301.0,0,0.0
SKU_0013,MSK,2024-02,1486.0,0,0.0
SKU_0013,MSK,2024-03,1843.0,0,0.0
SKU_0013,MSK,2024-04,1373.0,0,0.0
SKU_0013,MSK,2024-05,2100.0,0,0.0
SKU_0013,MSK,2024-06,1992.0,0,0.0
SKU_0013,MSK,2024-07,1685.0,0,0.0
SKU_0013,MSK,2024-08,2142.0,0,0.0
SKU_0013,MSK,2024-09,1704.0,0,0.0
SKU_0013,MSK,2024-10,1453.0,0,0.0
SKU_0013,MSK,2024-11,1310.0,0,0.0
SKU_0013,MSK,2024-12,1405.0,0,0.0
SKU_0013,MSK,2025-01,1511.0,0,0.0
SKU_0013,MSK,2025-02,1302.0,0,0.0
SKU_0013,MSK,2025-03,1817.0,0,0.0
SKU_0013,MSK,2025-04,7202.0,0,25.0
SKU_0013,MSK,2025-05,1798.0,0,0.0
SKU_0013,MSK,2025-06,2395.0,0,0.0
SKU_0013,MSK,2025-07,2723.0,0,0.0
SKU_0013,MSK,2025-08,2198.0,0,0.0
SKU_0013,MSK,2025-09,1885.0,0,0.0
SKU_0013,MSK,2025-10,1903.0,0,0.0
SKU_0013,MSK,2025-11,1568.0,0,0.0
SKU_0013,MSK,2025-12,1182.0,0,0.0
SKU_0014,MSK,2023-01,1230.0,0,0.0
SKU_0014,MSK,2023-02,1270.0,0,0.0
SKU_0014,MSK,2023-03,1540.0,0,0.0
SKU_0014,MSK,2023-04,1632.0,0,0.0
SKU_0014,MSK,2023-05,1762.0,0,0.0
SKU_0014,MSK,2023-06,1580.0,0,0.0
SKU_0014,MSK,2023-07,1296.0,0,0.0
SKU_0014,MSK,2023-08,1391.0,0,0.0
SKU_0014,MSK,2023-09,1476.0,0,0.0
SKU_0014,MSK,2023-10,1288.0,0,0.0
SKU_0014,MSK,2023-11,1202.0,0,0.0
SKU_0014,MSK,2023-12,966.0,0,0.0
SKU_0014,MSK,2024-01,1490.0,0,0.0
SKU_0014,MSK,2024-02,1262.0,0,0.0
SKU_0014,MSK,2024-03,1591.0,0,0.0
SKU_0014,MSK,2024-04,1896.0,0,0.0
SKU_0014,MSK,2024-05,1333.0,0,0.0
SKU_0014,MSK,2024-06,0.0,0,0.0
SKU_0014,MSK,2024-07,1254.0,0,0.0
SKU_0014,MSK,2024-08,2057.0,0,0.0
SKU_0014,MSK,2024-09,1662.0,0,0.0
SKU_0014,MSK,2024-10,1203.0,0,0.0
SKU_0014,MSK,2024-11,1067.0,0,0.0
SKU_0014,MSK,2024-12,1488.0,0,0.0
SKU_0014,MSK,2025-01,1426.0,0,0.0
SKU_0014,MSK,2025-02,1345.0,0,0.0
SKU_0014,MSK,2025-03,1212.0,0,0.0
SKU_0014,MSK,2025-04,1947.0,0,0.0
SKU_0014,MSK,2025-05,2220.0,0,0.0
SKU_0014,MSK,2025-06,1806.0,0,0.0
SKU_0014,MSK,2025-07,2321.0,0,0.0
SKU_0014,MSK,2025-08,1869.0,0,0.0
SKU_0014,MSK,2025-09,1192.0,0,0.0
SKU_0014,MSK,2025-10,1269.0,0,0.0
SKU_0014,MSK,2025-11,1393.0,0,0.0
SKU_0014,MSK,2025-12,1302.0,0,0.0
SKU_0015,MSK,2023-01,0.0,0,0.0
SKU_0015,MSK,2023-02,0.0,30,0.0
SKU_0015,MSK,2023-03,0.0,0,0.0
SKU_0015,MSK,2023-04,7.0,0,0.0
SKU_0015,MSK,2023-05,0.0,0,0.0
SKU_0015,MSK,2023-06,0.0,0,0.0
SKU_0015,MSK,2023-07,0.0,0,0.0
SKU_0015,MSK,2023-08,0.0,0,0.0
SKU_0015,MSK,2023-09,0.0,0,0.0
SKU_0015,MSK,2023-10,0.0,0,0.0
SKU_0015,MSK,2023-11,5.0,0,0.0
SKU_0015,MSK,2023-12,0.0,0,0.0
SKU_0015,MSK,2024-01,0.0,0,0.0
SKU_0015,MSK,2024-02,0.0,30,0.0
SKU_0015,MSK,2024-03,0.0,0,0.0
SKU_0015,MSK,2024-04,9.0,0,0.0
SKU_0015,MSK,2024-05,8.0,0,0.0
SKU_0015,MSK,2024-06,0.0,0,0.0
SKU_0015,MSK,2024-07,0.0,0,0.0
SKU_0015,MSK,2024-08,0.0,0,0.0
SKU_0015,MSK,2024-09,0.0,0,0.0
SKU_0015,MSK,2024-10,0.0,30,0.0
SKU_0015,MSK,2024-11,5.0,0,0.0
SKU_0015,MSK,2024-12,6.0,0,0.0
SKU_0015,MSK,2025-01,8.0,0,0.0
SKU_0015,MSK,2025-02,0.0,0,0.0
SKU_0015,MSK,2025-03,0.0,0,0.0
SKU_0015,MSK,2025-04,0.0,0,0.0
SKU_0015,MSK,2025-05,0.0,0,0.0
SKU_0015,MSK,2025-06,0.0,0,0.0
SKU_0015,MSK,2025-07,0.0,0,0.0
SKU_0015,MSK,2025-08,7.0,0,0.0
SKU_0015,MSK,2025-09,6.0,0,0.0
SKU_0015,MSK,2025-10,0.0,0,0.0
SKU_0015,MSK,2025-11,0.0,0,0.0
SKU_0015,MSK,2025-12,0.0,0,0.0
SKU_0016,MSK,2023-01,130.0,0,0.0
SKU_0016,MSK,2023-02,116.0,0,0.0
SKU_0016,MSK,2023-03,170.0,0,0.0
SKU_0016,MSK,2023-04,159.0,0,0.0
SKU_0016,MSK,2023-05,113.0,0,0.0
SKU_0016,MSK,2023-06,114.0,0,0.0
SKU_0016,MSK,2023-07,108.0,0,0.0
SKU_0016,MSK,2023-08,102.0,0,0.0
SKU_0016,MSK,2023-09,114.0,0,0.0
SKU_0016,MSK,2023-10,93.0,0,0.0
SKU_0016,MSK,2023-11,105.0,0,0.0
SKU_0016,MSK,2023-12,110.0,0,0.0
SKU_0016,MSK,2024-01,132.0,0,0.0
SKU_0016,MSK,2024-02,150.0,0,0.0
SKU_0016,MSK,2024-03,137.0,0,0.0
SKU_0016,MSK,2024-04,152.0,0,0.0
SKU_0016,MSK,2024-05,131.0,0,0.0
SKU_0016,MSK,2024-06,190.0,0,0.0
SKU_0016,MSK,2024-07,134.0,0,0.0
SKU_0016,MSK,2024-08,109.0,0,0.0
SKU_0016,MSK,2024-09,128.0,0,0.0
SKU_0016,MSK,2024-10,93.0,0,0.0
SKU_0016,MSK,2024-11,95.0,0,0.0
SKU_0016,MSK,2024-12,105.0,0,0.0
SKU_0016,MSK,2025-01,141.0,0,0.0
SKU_0016,MSK,2025-02,147.0,0,0.0
SKU_0016,MSK,2025-03,159.0,0,0.0
SKU_0016,MSK,2025-04,159.0,0,0.0
SKU_0016,MSK,2025-05,163.0,0,0.0
SKU_0016,MSK,2025-06,150.0,0,0.0
SKU_0016,MSK,2025-07,137.0,0,0.0
SKU_0016,MSK,2025-08,108.0,0,0.0
SKU_0016,MSK,2025-09,110.0,0,0.0
SKU_0016,MSK,2025-10,85.0,0,0.0
SKU_0016,MSK,2025-11,99.0,0,0.0
SKU_0016,MSK,2025-12,137.0,0,0.0
SKU_0017,EKB,2023-01,24.0,0,0.0
SKU_0017,EKB,2023-02,25.0,0,0.0
SKU_0017,EKB,2023-03,29.0,0,0.0
SKU_0017,EKB,2023-04,27.0,0,0.0
SKU_0017,EKB,2023-05,37.0,0,0.0
SKU_0017,EKB,2023-06,33.0,0,0.0
SKU_0017,EKB,2023-07,38.0,0,0.0
SKU_0017,EKB,2023-08,43.0,0,0.0
SKU_0017,EKB,2023-09,41.0,0,0.0
SKU_0017,EKB,2023-10,32.0,0,0.0
SKU_0017,EKB,2023-11,32.0,0,0.0
SKU_0017,EKB,2023-12,26.0,0,0.0
SKU_0017,EKB,2024-01,25.0,0,0.0
SKU_0017,EKB,2024-02,23.0,0,0.0
SKU_0017,EKB,2024-03,25.0,0,0.0
SKU_0017,EKB,2024-04,36.0,0,0.0
SKU_0017,EKB,2024-05,37.0,0,0.0
SKU_0017,EKB,2024-06,38.0,0,0.0
SKU_0017,EKB,2024-07,45.0,0,0.0
SKU_0017,EKB,2024-08,41.0,0,0.0
SKU_0017,EKB,2024-09,37.0,0,0.0
SKU_0017,EKB,2024-10,24.0,0,0.0
SKU_0017,EKB,2024-11,26.0,0,0.0
SKU_0017,EKB,2024-12,20.0,0,0.0
SKU_0017,EKB,2025-01,22.0,0,0.0
SKU_0017,EKB,2025-02,27.0,0,0.0
SKU_0017,EKB,2025-03,29.0,0,0.0
SKU_0017,EKB,2025-04,29.0,0,0.0
SKU_0017,EKB,2025-05,36.0,0,0.0
SKU_0017,EKB,2025-06,43.0,0,0.0
SKU_0017,EKB,2025-07,27.0,0,0.0
SKU_0017,EKB,2025-08,40.0,0,0.0
SKU_0017,EKB,2025-09,31.0,0,0.0
SKU_0017,EKB,2025-10,35.0,0,0.0
SKU_0017,EKB,2025-11,34.0,0,0.0
SKU_0017,EKB,2025-12,29.0,0,0.0
SKU_0017,MSK,2023-01,93.0,0,0.0
SKU_0017,MSK,2023-02,98.0,0,0.0
SKU_0017,MSK,2023-03,111.0,0,0.0
SKU_0017,MSK,2023-04,103.0,0,0.0
SKU_0017,MSK,2023-05,142.0,0,0.0
SKU_0017,MSK,2023-06,128.0,0,0.0
SKU_0017,MSK,2023-07,146.0,0,0.0
SKU_0017,MSK,2023-08,166.0,0,0.0
SKU_0017,MSK,2023-09,157.0,0,0.0
SKU_0017,MSK,2023-10,124.0,0,0.0
SKU_0017,MSK,2023-11,122.0,0,0.0
SKU_0017,MSK,2023-12,101.0,0,0.0
SKU_0017,MSK,2024-01,96.0,0,0.0
SKU_0017,MSK,2024-02,87.0,0,0.0
SKU_0017,MSK,2024-03,98.0,0,0.0
SKU_0017,MSK,2024-04,141.0,0,0.0
SKU_0017,MSK,2024-05,144.0,0,0.0
SKU_0017,MSK,2024-06,148.0,0,0.0
SKU_0017,MSK,2024-07,172.0,0,0.0
SKU_0017,MSK,2024-08,157.0,0,0.0
SKU_0017,MSK,2024-09,141.0,0,0.0
SKU_0017,MSK,2024-10,94.0,0,0.0
SKU_0017,MSK,2024-11,100.0,0,0.0
SKU_0017,MSK,2024-12,77.0,0,0.0
SKU_0017,MSK,2025-01,84.0,0,0.0
SKU_0017,MSK,2025-02,104.0,0,0.0
SKU_0017,MSK,2025-03,110.0,0,0.0
SKU_0017,MSK,2025-04,113.0,0,0.0
SKU_0017,MSK,2025-05,138.0,0,0.0
SKU_0017,MSK,2025-06,164.0,0,0.0
SKU_0017,MSK,2025-07,105.0,0,0.0
SKU_0017,MSK,2025-08,156.0,0,0.0
SKU_0017,MSK,2025-09,121.0,0,0.0
SKU_0017,MSK,2025-10,135.0,0,0.0
SKU_0017,MSK,2025-11,130.0,0,0.0
SKU_0017,MSK,2025-12,113.0,0,0.0
SKU_0018,MSK,2023-01,189.0,0,0.0
SKU_0018,MSK,2023-02,161.0,0,0.0
SKU_0018,MSK,2023-03,193.0,0,0.0
SKU_0018,MSK,2023-04,217.0,0,0.0
SKU_0018,MSK,2023-05,256.0,0,0.0
SKU_0018,MSK,2023-06,269.0,0,0.0
SKU_0018,MSK,2023-07,358.0,0,0.0
SKU_0018,MSK,2023-08,289.0,0,0.0
SKU_0018,MSK,2023-09,287.0,0,0.0
SKU_0018,MSK,2023-10,310.0,0,0.0
SKU_0018,MSK,2023-11,309.0,0,0.0
SKU_0018,MSK,2023-12,280.0,0,0.0
SKU_0018,MSK,2024-01,246.0,0,0.0
SKU_0018,MSK,2024-02,258.0,0,0.0
SKU_0018,MSK,2024-03,196.0,0,0.0
SKU_0018,MSK,2024-04,292.0,0,0.0
SKU_0018,MSK,2024-05,258.0,0,0.0
SKU_0018,MSK,2024-06,333.0,0,0.0
SKU_0018,MSK,2024-07,400250.0,0,0.0
SKU_0018,MSK,2024-08,339255.0,0,0.0
SKU_0018,MSK,2024-09,363492.0,0,0.0
SKU_0018,MSK,2024-10,271040.0,0,0.0
SKU_0018,MSK,2024-11,285040.0,0,0.0
SKU_0018,MSK,2024-12,261844.0,0,0.0
SKU_0018,MSK,2025-01,230350.0,0,0.0
SKU_0018,MSK,2025-02,198363.0,0,0.0
SKU_0018,MSK,2025-03,254370.0,0,0.0
SKU_0018,MSK,2025-04,318733.0,0,0.0
SKU_0018,MSK,2025-05,327282.0,0,0.0
SKU_0018,MSK,2025-06,352647.0,0,0.0
SKU_0018,MSK,2025-07,393076.0,0,0.0
SKU_0018,MSK,2025-08,335326.0,0,0.0
SKU_0018,MSK,2025-09,406748.0,0,0.0
SKU_0018,MSK,2025-10,388333.0,0,0.0
SKU_0018,MSK,2025-11,363211.0,0,0.0
SKU_0018,MSK,2025-12,277243.0,0,0.0
SKU_0019,MSK,2023-01,108.0,0,0.0
SKU_0019,MSK,2023-02,89.0,0,0.0
SKU_0019,MSK,2023-03,96.0,0,0.0
SKU_0019,MSK,2023-04,89.0,0,0.0
SKU_0019,MSK,2023-05,103.0,0,0.0
SKU_0019,MSK,2023-06,123.0,0,0.0
SKU_0019,MSK,2023-07,125.0,0,0.0
SKU_0019,MSK,2023-08,158.0,0,0.0
SKU_0019,MSK,2023-09,152.0,0,0.0
SKU_0019,MSK,2023-10,158.0,0,0.0
SKU_0019,MSK,2023-11,142.0,0,0.0
SKU_0019,MSK,2023-12,118.0,0,0.0
SKU_0019,MSK,2024-01,106.0,0,0.0
SKU_0019,MSK,2024-02,104.0,0,0.0
SKU_0019,MSK,2024-03,77.0,0,0.0
SKU_0019,MSK,2024-04,85.0,0,0.0
SKU_0019,MSK,2024-05,113.0,0,0.0
SKU_0019,MSK,2024-06,127.0,0,0.0
SKU_0019,MSK,2024-07,138.0,0,0.0
SKU_0019,MSK,2024-08,132.0,0,0.0
SKU_0019,MSK,2024-09,156.0,0,0.0
SKU_0019,MSK,2024-10,135.0,0,0.0
SKU_0019,MSK,2024-11,132.0,0,0.0
SKU_0019,MSK,2024-12,132.0,0,0.0
SKU_0019,MSK,2025-01,95.0,0,0.0
SKU_0019,MSK,2025-02,104.0,0,0.0
SKU_0019,MSK,2025-03,100.0,0,0.0
SKU_0019,MSK,2025-04,99.0,0,0.0
SKU_0019,MSK,2025-05,104.0,0,0.0
SKU_0019,MSK,2025-06,130.0,0,0.0
SKU_0019,MSK,2025-07,144.0,0,0.0
SKU_0019,MSK,2025-08,149.0,0,0.0
SKU_0019,MSK,2025-09,153.0,0,0.0
SKU_0019,MSK,2025-10,155.0,0,0.0
SKU_0019,MSK,2025-11,127.0,0,0.0
SKU_0019,MSK,2025-12,124.0,0,0.0
SKU_0020,MSK,2023-01,2488.0,0,0.0
SKU_0020,MSK,2023-02,2464.0,0,0.0
SKU_0020,MSK,2023-03,2902.0,0,0.0
SKU_0020,MSK,2023-04,3606.0,0,0.0
SKU_0020,MSK,2023-05,3396.0,0,0.0
SKU_0020,MSK,2023-06,15629.0,0,25.0
SKU_0020,MSK,2023-07,2491.0,0,0.0
SKU_0020,MSK,2023-08,4649.0,0,0.0
SKU_0020,MSK,2023-09,2434.0,0,0.0
SKU_0020,MSK,2023-10,2406.0,0,0.0
SKU_0020,MSK,2023-11,2430.0,0,0.0
SKU_0020,MSK,2023-12,2287.0,0,0.0
SKU_0020,MSK,2024-01,2372.0,0,0.0
SKU_0020,MSK,2024-02,2226.0,0,0.0
SKU_0020,MSK,2024-03,3062.0,0,0.0
SKU_0020,MSK,2024-04,3250.0,0,0.0
SKU_0020,MSK,2024-05,4333.0,0,0.0
SKU_0020,MSK,2024-06,3040.0,0,0.0
SKU_0020,MSK,2024-07,3671.0,0,0.0
SKU_0020,MSK,2024-08,3562.0,0,0.0
SKU_0020,MSK,2024-09,3272.0,0,0.0
SKU_0020,MSK,2024-10,3174.0,0,0.0
SKU_0020,MSK,2024-11,3440.0,0,0.0
SKU_0020,MSK,2024-12,2540.0,0,0.0
SKU_0020,MSK,2025-01,3170.0,0,0.0
SKU_0020,MSK,2025-02,2746.0,0,0.0
SKU_0020,MSK,2025-03,2786.0,0,0.0
SKU_0020,MSK,2025-04,3554.0,0,0.0
SKU_0020,MSK,2025-05,3634.0,0,0.0
SKU_0020,MSK,2025-06,4520.0,0,0.0
SKU_0020,MSK,2025-07,2801.0,0,0.0
SKU_0020,MSK,2025-08,2956.0,0,0.0
SKU_0020,MSK,2025-09,3379.0,0,0.0
SKU_0020,MSK,2025-10,3516.0,0,0.0
SKU_0020,MSK,2025-11,2224.0,0,0.0
SKU_0020,MSK,2025-12,2279.0,0,0.0
SKU_0021,MSK,2023-01,519.0,0,0.0
SKU_0021,MSK,2023-02,490.0,0,0.0
SKU_0021,MSK,2023-03,459.0,0,0.0
SKU_0021,MSK,2023-04,549.0,0,0.0
SKU_0021,MSK,2023-05,628.0,0,0.0
SKU_0021,MSK,2023-06,652.0,0,0.0
SKU_0021,MSK,2023-07,659.0,0,0.0
SKU_0021,MSK,2023-08,778.0,0,0.0
SKU_0021,MSK,2023-09,653.0,0,0.0
SKU_0021,MSK,2023-10,604.0,0,0.0
SKU_0021,MSK,2023-11,739.0,0,0.0
SKU_0021,MSK,2023-12,483.0,0,0.0
SKU_0021,MSK,2024-01,408.0,0,0.0
SKU_0021,MSK,2024-02,424.0,0,0.0
SKU_0021,MSK,2024-03,471.0,0,0.0
SKU_0021,MSK,2024-04,528.0,0,0.0
SKU_0021,MSK,2024-05,533.0,0,0.0
SKU_0021,MSK,2024-06,722.0,0,0.0
SKU_0021,MSK,2024-07,747.0,0,0.0
SKU_0021,MSK,2024-08,676.0,0,0.0
SKU_0021,MSK,2024-09,731.0,0,0.0
SKU_0021,MSK,2024-10,581.0,0,0.0
SKU_0021,MSK,2024-11,589.0,0,0.0
SKU_0021,MSK,2024-12,481.0,0,0.0
SKU_0021,MSK,2025-01,436.0,0,0.0
SKU_0021,MSK,2025-02,427.0,0,0.0
SKU_0021,MSK,2025-03,416.0,0,0.0
SKU_0021,MSK,2025-04,513.0,0,0.0
SKU_0021,MSK,2025-05,560.0,0,0.0
SKU_0021,MSK,2025-06,669.0,0,0.0
SKU_0021,MSK,2025-07,572.0,30,0.0
SKU_0021,MSK,2025-08,662.0,0,0.0
SKU_0021,MSK,2025-09,748.0,0,0.0
SKU_0021,MSK,2025-10,635.0,0,0.0
SKU_0021,MSK,2025-11,572.0,0,0.0
SKU_0021,MSK,2025-12,473.0,0,0.0
SKU_0022,EKB,2023-01,744.0,0,0.0
SKU_0022,EKB,2023-02,679.0,0,0.0
SKU_0022,EKB,2023-03,586.0,0,0.0
SKU_0022,EKB,2023-04,542.0,0,0.0
SKU_0022,EKB,2023-05,457.0,0,0.0
SKU_0022,EKB,2023-06,561.0,0,0.0
SKU_0022,EKB,2023-07,499.0,0,0.0
SKU_0022,EKB,2023-08,547.0,0,0.0
SKU_0022,EKB,2023-09,573.0,0,0.0
SKU_0022,EKB,2023-10,707.0,0,0.0
SKU_0022,EKB,2023-11,734.0,0,0.0
SKU_0022,EKB,2023-12,797.0,0,0.0
SKU_0022,EKB,2024-01,631.0,0,0.0
SKU_0022,EKB,2024-02,532.0,0,0.0
SKU_0022,EKB,2024-03,708.0,0,0.0
SKU_0022,EKB,2024-04,592.0,0,0.0
SKU_0022,EKB,2024-05,547.0,0,0.0
SKU_0022,EKB,2024-06,440.0,0,0.0
SKU_0022,EKB,2024-07,570.0,0,0.0
SKU_0022,EKB,2024-08,651.0,0,0.0
SKU_0022,EKB,2024-09,667.0,0,0.0
SKU_0022,EKB,2024-10,848.0,0,0.0
SKU_0022,EKB,2024-11,961.0,0,0.0
SKU_0022,EKB,2024-12,845.0,0,0.0
SKU_0022,EKB,2025-01,844.0,0,0.0
SKU_0022,EKB,2025-02,943.0,0,0.0
SKU_0022,EKB,2025-03,817.0,0,0.0
SKU_0022,EKB,2025-04,641.0,0,0.0
SKU_0022,EKB,2025-05,650.0,0,0.0
SKU_0022,EKB,2025-06,533.0,0,0.0
SKU_0022,EKB,2025-07,657.0,0,0.0
SKU_0022,EKB,2025-08,685.0,0,0.0
SKU_0022,EKB,2025-09,733.0,0,0.0
SKU_0022,EKB,2025-10,950.0,0,0.0
SKU_0022,EKB,2025-11,1060.0,0,0.0
SKU_0022,EKB,2025-12,881.0,0,0.0
SKU_0022,MSK,2023-01,1762.0,0,0.0
SKU_0022,MSK,2023-02,1610.0,0,0.0
SKU_0022,MSK,2023-03,1388.0,0,0.0
SKU_0022,MSK,2023-04,1284.0,0,0.0
SKU_0022,MSK,2023-05,1083.0,0,0.0
SKU_0022,MSK,2023-06,1330.0,0,0.0
SKU_0022,MSK,2023-07,1183.0,0,0.0
SKU_0022,MSK,2023-08,1297.0,0,0.0
SKU_0022,MSK,2023-09,1359.0,0,0.0
SKU_0022,MSK,2023-10,1675.0,0,0.0
SKU_0022,MSK,2023-11,1739.0,0,0.0
SKU_0022,MSK,2023-12,1889.0,0,0.0
SKU_0022,MSK,2024-01,1494.0,0,0.0
SKU_0022,MSK,2024-02,1261.0,0,0.0
SKU_0022,MSK,2024-03,1677.0,0,0.0
SKU_0022,MSK,2024-04,1403.0,0,0.0
SKU_0022,MSK,2024-05,1296.0,0,0.0
SKU_0022,MSK,2024-06,1043.0,0,0.0
SKU_0022,MSK,2024-07,1350.0,0,0.0
SKU_0022,MSK,2024-08,1544.0,0,0.0
SKU_0022,MSK,2024-09,1581.0,0,0.0
SKU_0022,MSK,2024-10,2009.0,0,0.0
SKU_0022,MSK,2024-11,2277.0,0,0.0
SKU_0022,MSK,2024-12,2003.0,0,0.0
SKU_0022,MSK,2025-01,2001.0,0,0.0
SKU_0022,MSK,2025-02,2235.0,0,0.0
SKU_0022,MSK,2025-03,1936.0,0,0.0
SKU_0022,MSK,2025-04,1520.0,0,0.0
SKU_0022,MSK,2025-05,1541.0,0,0.0
SKU_0022,MSK,2025-06,1262.0,0,0.0
SKU_0022,MSK,2025-07,1556.0,0,0.0
SKU_0022,MSK,2025-08,1624.0,0,0.0
SKU_0022,MSK,2025-09,1737.0,0,0.0
SKU_0022,MSK,2025-10,2251.0,0,0.0
SKU_0022,MSK,2025-11,2513.0,0,0.0
SKU_0022,MSK,2025-12,2089.0,0,0.0
SKU_0023,MSK,2023-01,1536.0,0,0.0
SKU_0023,MSK,2023-02,1837.0,0,0.0
SKU_0023,MSK,2023-03,1517.0,0,0.0
SKU_0023,MSK,2023-04,1452.0,0,0.0
SKU_0023,MSK,2023-05,1148.0,0,0.0
SKU_0023,MSK,2023-06,917.0,0,0.0
SKU_0023,MSK,2023-07,958.0,0,0.0
SKU_0023,MSK,2023-08,1363.0,0,0.0
SKU_0023,MSK,2023-09,1519.0,0,0.0
SKU_0023,MSK,2023-10,1603.0,0,0.0
SKU_0023,MSK,2023-11,1886.0,0,0.0
SKU_0023,MSK,2023-12,1800.0,0,0.0
SKU_0023,MSK,2024-01,1653.0,0,0.0
SKU_0023,MSK,2024-02,1663.0,0,0.0
SKU_0023,MSK,2024-03,1442.0,0,0.0
SKU_0023,MSK,2024-04,1252.0,0,0.0
SKU_0023,MSK,2024-05,1159.0,0,0.0
SKU_0023,MSK,2024-06,1108.0,0,0.0
SKU_0023,MSK,2024-07,1057.0,0,0.0
SKU_0023,MSK,2024-08,1252.0,0,0.0
SKU_0023,MSK,2024-09,1572.0,0,0.0
SKU_0023,MSK,2024-10,1504.0,0,0.0
SKU_0023,MSK,2024-11,1962.0,0,0.0
SKU_0023,MSK,2024-12,1893.0,0,0.0
SKU_0023,MSK,2025-01,1902.0,0,0.0
SKU_0023,MSK,2025-02,1778.0,0,0.0
SKU_0023,MSK,2025-03,1381.0,0,0.0
SKU_0023,MSK,2025-04,1365.0,0,0.0
SKU_0023,MSK,2025-05,1057.0,0,0.0
SKU_0023,MSK,2025-06,1146.0,0,0.0
SKU_0023,MSK,2025-07,1398.0,0,0.0
SKU_0023,MSK,2025-08,1318.0,0,0.0
SKU_0023,MSK,2025-09,1561.0,0,0.0
SKU_0023,MSK,2025-10,5279.0,0,25.0
SKU_0023,MSK,2025-11,1896.0,0,0.0
SKU_0023,MSK,2025-12,1739.0,0,0.0
SKU_0024,MSK,2023-01,0.0,30,0.0
SKU_0024,MSK,2023-02,0.0,0,0.0
SKU_0024,MSK,2023-03,0.0,0,0.0
SKU_0024,MSK,2023-04,0.0,0,0.0
SKU_0024,MSK,2023-05,0.0,0,0.0
SKU_0024,MSK,2023-06,0.0,0,0.0
SKU_0024,MSK,2023-07,0.0,0,0.0
SKU_0024,MSK,2023-08,9.0,0,0.0
SKU_0024,MSK,2023-09,0.0,0,0.0
SKU_0024,MSK,2023-10,0.0,0,0.0
SKU_0024,MSK,2023-11,0.0,0,0.0
SKU_0024,MSK,2023-12,0.0,0,0.0
SKU_0024,MSK,2024-01,0.0,0,0.0
SKU_0024,MSK,2024-02,0.0,0,0.0
SKU_0024,MSK,2024-03,0.0,0,0.0
SKU_0024,MSK,2024-04,0.0,0,0.0
SKU_0024,MSK,2024-05,0.0,0,0.0
SKU_0024,MSK,2024-06,10.0,0,0.0
SKU_0024,MSK,2024-07,0.0,0,0.0
SKU_0024,MSK,2024-08,10.0,0,0.0
SKU_0024,MSK,2024-09,0.0,0,0.0
SKU_0024,MSK,2024-10,6.0,0,0.0
SKU_0024,MSK,2024-11,0.0,0,0.0
SKU_0024,MSK,2024-12,0.0,0,0.0
SKU_0024,MSK,2025-01,5.0,0,0.0
SKU_0024,MSK,2025-02,8.0,0,0.0
SKU_0024,MSK,2025-03,0.0,0,0.0
SKU_0024,MSK,2025-04,0.0,0,0.0
SKU_0024,MSK,2025-05,0.0,0,0.0
SKU_0024,MSK,2025-06,0.0,0,0.0
SKU_0024,MSK,2025-07,8.0,0,0.0
SKU_0024,MSK,2025-08,0.0,0,0.0
SKU_0024,MSK,2025-09,0.0,0,0.0
SKU_0024,MSK,2025-10,5.0,0,0.0
SKU_0024,MSK,2025-11,7.0,0,0.0
SKU_0024,MSK,2025-12,0.0,0,0.0
SKU_0025,MSK,2023-01,3907.0,0,0.0
SKU_0025,MSK,2023-02,4153.0,0,0.0
SKU_0025,MSK,2023-03,3971.0,0,0.0
SKU_0025,MSK,2023-04,3684.0,0,0.0
SKU_0025,MSK,2023-05,3276.0,0,0.0
SKU_0025,MSK,2023-06,2995.0,0,0.0
SKU_0025,MSK,2023-07,1777.0,0,0.0
SKU_0025,MSK,2023-08,2155.0,0,0.0
SKU_0025,MSK,2023-09,2040.0,0,0.0
SKU_0025,MSK,2023-10,2764.0,0,0.0
SKU_0025,MSK,2023-11,2079.0,0,0.0
SKU_0025,MSK,2023-12,2685.0,0,0.0
SKU_0025,MSK,2024-01,2873.0,0,0.0
SKU_0025,MSK,2024-02,3620.0,0,0.0
SKU_0025,MSK,2024-03,4455.0,0,0.0
SKU_0025,MSK,2024-04,3243.0,0,0.0
SKU_0025,MSK,2024-05,3889.0,0,0.0
SKU_0025,MSK,2024-06,3855.0,0,0.0
SKU_0025,MSK,2024-07,3523.0,0,0.0
SKU_0025,MSK,2024-08,2080.0,0,0.0
SKU_0025,MSK,2024-09,1750.0,0,0.0
SKU_0025,MSK,2024-10,2045.0,0,0.0
SKU_0025,MSK,2024-11,1982.0,0,0.0
SKU_0025,MSK,2024-12,3801.0,0,0.0
SKU_0025,MSK,2025-01,4501.0,0,0.0
SKU_0025,MSK,2025-02,4406.0,0,0.0
SKU_0025,MSK,2025-03,3325.0,0,0.0
SKU_0025,MSK,2025-04,4537.0,0,0.0
SKU_0025,MSK,2025-05,2606.0,0,0.0
SKU_0025,MSK,2025-06,2730.0,0,0.0
SKU_0025,MSK,2025-07,2649.0,0,0.0
SKU_0025,MSK,2025-08,2094.0,0,0.0
SKU_0025,MSK,2025-09,2597.0,0,0.0
SKU_0025,MSK,2025-10,1978.0,0,0.0
SKU_0025,MSK,2025-11,2151.0,0,0.0
SKU_0025,MSK,2025-12,3549.0,0,0.0
SKU_0026,MSK,2025-08,970.0,0,0.0
SKU_0026,MSK,2025-09,814.0,0,0.0
SKU_0026,MSK,2025-10,822.0,0,0.0
SKU_0026,MSK,2025-11,807.0,0,0.0
SKU_0026,MSK,2025-12,654.0,0,0.0
SKU_0027,EKB,2023-01,381.0,0,0.0
SKU_0027,EKB,2023-02,376.0,0,0.0
SKU_0027,EKB,2023-03,278.0,0,0.0
SKU_0027,EKB,2023-04,597.0,0,0.0
SKU_0027,EKB,2023-05,433.0,0,0.0
SKU_0027,EKB,2023-06,743.0,0,0.0
SKU_0027,EKB,2023-07,552.0,0,0.0
SKU_0027,EKB,2023-08,576.0,0,0.0
SKU_0027,EKB,2023-09,605.0,0,0.0
SKU_0027,EKB,2023-10,496.0,0,0.0
SKU_0027,EKB,2023-11,379.0,0,0.0
SKU_0027,EKB,2023-12,380.0,0,0.0
SKU_0027,EKB,2024-01,419.0,0,0.0
SKU_0027,EKB,2024-02,365.0,0,0.0
SKU_0027,EKB,2024-03,462.0,0,0.0
SKU_0027,EKB,2024-04,493.0,0,0.0
SKU_0027,EKB,2024-05,489.0,0,0.0
SKU_0027,EKB,2024-06,567.0,0,0.0
SKU_0027,EKB,2024-07,547.0,0,0.0
SKU_0027,EKB,2024-08,693.0,0,0.0
SKU_0027,EKB,2024-09,457.0,0,0.0
SKU_0027,EKB,2024-10,656.0,0,0.0
SKU_0027,EKB,2024-11,450.0,0,0.0
SKU_0027,EKB,2024-12,403.0,0,0.0
SKU_0027,EKB,2025-01,372.0,0,0.0
SKU_0027,EKB,2025-02,384.0,0,0.0
SKU_0027,EKB,2025-03,487.0,0,0.0
SKU_0027,EKB,2025-04,502.0,0,0.0
SKU_0027,EKB,2025-05,511.0,0,0.0
SKU_0027,EKB,2025-06,707.0,0,0.0
SKU_0027,EKB,2025-07,812.0,0,0.0
SKU_0027,EKB,2025-08,671.0,0,0.0
SKU_0027,EKB,2025-09,765.0,0,0.0
SKU_0027,EKB,2025-10,524.0,0,0.0
SKU_0027,EKB,2025-11,511.0,0,0.0
SKU_0027,EKB,2025-12,369.0,0,0.0
SKU_0027,MSK,2023-01,1095.0,0,0.0
SKU_0027,MSK,2023-02,1081.0,0,0.0
SKU_0027,MSK,2023-03,798.0,0,0.0
SKU_0027,MSK,2023-04,1716.0,0,0.0
SKU_0027,MSK,2023-05,1243.0,0,0.0
SKU_0027,MSK,2023-06,2136.0,0,0.0
SKU_0027,MSK,2023-07,1585.0,0,0.0
SKU_0027,MSK,2023-08,1654.0,0,0.0
SKU_0027,MSK,2023-09,1739.0,0,0.0
SKU_0027,MSK,2023-10,1425.0,0,0.0
SKU_0027,MSK,2023-11,1090.0,0,0.0
SKU_0027,MSK,2023-12,1091.0,0,0.0
SKU_0027,MSK,2024-01,1203.0,0,0.0
SKU_0027,MSK,2024-02,1048.0,0,0.0
SKU_0027,MSK,2024-03,1327.0,0,0.0
SKU_0027,MSK,2024-04,1416.0,0,0.0
SKU_0027,MSK,2024-05,1405.0,0,0.0
SKU_0027,MSK,2024-06,1630.0,0,0.0
SKU_0027,MSK,2024-07,1571.0,0,0.0
SKU_0027,MSK,2024-08,1990.0,0,0.0
SKU_0027,MSK,2024-09,1313.0,0,0.0
SKU_0027,MSK,2024-10,1885.0,0,0.0
SKU_0027,MSK,2024-11,1294.0,0,0.0
SKU_0027,MSK,2024-12,1159.0,0,0.0
SKU_0027,MSK,2025-01,1070.0,0,0.0
SKU_0027,MSK,2025-02,1102.0,0,0.0
SKU_0027,MSK,2025-03,1401.0,0,0.0
SKU_0027,MSK,2025-04,1443.0,0,0.0
SKU_0027,MSK,2025-05,1468.0,0,0.0
SKU_0027,MSK,2025-06,2030.0,0,0.0
SKU_0027,MSK,2025-07,2333.0,0,0.0
SKU_0027,MSK,2025-08,1927.0,0,0.0
SKU_0027,MSK,2025-09,2199.0,0,0.0
SKU_0027,MSK,2025-10,1505.0,0,0.0
SKU_0027,MSK,2025-11,1467.0,0,0.0
SKU_0027,MSK,2025-12,1061.0,0,0.0
SKU_0028,MSK,2023-01,129.0,0,0.0
SKU_0028,MSK,2023-02,101.0,0,0.0
SKU_0028,MSK,2023-03,79.0,0,0.0
SKU_0028,MSK,2023-04,90.0,0,0.0
SKU_0028,MSK,2023-05,107.0,0,0.0
SKU_0028,MSK,2023-06,140.0,0,0.0
SKU_0028,MSK,2023-07,128.0,0,0.0
SKU_0028,MSK,2023-08,139.0,0,0.0
SKU_0028,MSK,2023-09,185.0,0,0.0
SKU_0028,MSK,2023-10,131.0,0,0.0
SKU_0028,MSK,2023-11,172.0,0,0.0
SKU_0028,MSK,2023-12,327.0,0,25.0
SKU_0028,MSK,2024-01,144.0,0,0.0
SKU_0028,MSK,2024-02,79.0,0,0.0
SKU_0028,MSK,2024-03,81.0,0,0.0
SKU_0028,MSK,2024-04,121.0,0,0.0
SKU_0028,MSK,2024-05,93.0,0,0.0
SKU_0028,MSK,2024-06,125.0,0,0.0
SKU_0028,MSK,2024-07,142.0,0,0.0
SKU_0028,MSK,2024-08,169.0,0,0.0
SKU_0028,MSK,2024-09,224.0,0,0.0
SKU_0028,MSK,2024-10,171.0,0,0.0
SKU_0028,MSK,2024-11,176.0,0,0.0
SKU_0028,MSK,2024-12,115.0,0,0.0
SKU_0028,MSK,2025-01,107.0,0,0.0
SKU_0028,MSK,2025-02,133.0,0,0.0
SKU_0028,MSK,2025-03,96.0,0,0.0
SKU_0028,MSK,2025-04,112.0,0,0.0
SKU_0028,MSK,2025-05,117.0,0,0.0
SKU_0028,MSK,2025-06,142.0,0,0.0
SKU_0028,MSK,2025-07,175.0,0,0.0
SKU_0028,MSK,2025-08,195.0,0,0.0
SKU_0028,MSK,2025-09,180.0,0,0.0
SKU_0028,MSK,2025-10,228.0,0,0.0
SKU_0028,MSK,2025-11,204.0,0,0.0
SKU_0028,MSK,2025-12,154.0,0,0.0
SKU_0029,MSK,2025-08,466.0,0,0.0
SKU_0029,MSK,2025-09,521.0,0,0.0
SKU_0029,MSK,2025-10,634.0,0,0.0
SKU_0029,MSK,2025-11,706.0,0,0.0
SKU_0029,MSK,2025-12,770.0,0,0.0
SKU_0030,MSK,2023-01,606.0,0,0.0
SKU_0030,MSK,2023-02,325.0,0,0.0
SKU_0030,MSK,2023-03,423.0,0,0.0
SKU_0030,MSK,2023-04,571.0,0,0.0
SKU_0030,MSK,2023-05,770.0,0,0.0
SKU_0030,MSK,2023-06,707.0,0,0.0
SKU_0030,MSK,2023-07,601.0,0,0.0
SKU_0030,MSK,2023-08,707.0,0,0.0
SKU_0030,MSK,2023-09,814.0,0,0.0
SKU_0030,MSK,2023-10,587.0,0,0.0
SKU_0030,MSK,2023-11,545.0,0,0.0
SKU_0030,MSK,2023-12,454.0,0,0.0
SKU_0030,MSK,2024-01,472.0,0,0.0
SKU_0030,MSK,2024-02,458.0,0,0.0
SKU_0030,MSK,2024-03,361.0,0,0.0
SKU_0030,MSK,2024-04,578.0,0,0.0
SKU_0030,MSK,2024-05,714.0,0,0.0
SKU_0030,MSK,2024-06,593.0,0,0.0
SKU_0030,MSK,2024-07,823.0,0,0.0
SKU_0030,MSK,2024-08,734.0,0,0.0
SKU_0030,MSK,2024-09,817.0,0,0.0
SKU_0030,MSK,2024-10,626.0,0,0.0
SKU_0030,MSK,2024-11,736.0,0,0.0
SKU_0030,MSK,2024-12,621.0,0,0.0
SKU_0030,MSK,2025-01,507.0,0,0.0
SKU_0030,MSK,2025-02,575.0,0,0.0
SKU_0030,MSK,2025-03,531.0,0,0.0
SKU_0030,MSK,2025-04,655.0,0,0.0
SKU_0030,MSK,2025-05,687.0,0,0.0
SKU_0030,MSK,2025-06,811.0,0,0.0
SKU_0030,MSK,2025-07,687.0,0,0.0
SKU_0030,MSK,2025-08,874.0,0,0.0
SKU_0030,MSK,2025-09,842.0,0,0.0
SKU_0030,MSK,2025-10,928.0,0,0.0
SKU_0030,MSK,2025-11,712.0,0,0.0
SKU_0030,MSK,2025-12,734.0,0,0.0
SKU_0031,MSK,2023-01,0.0,0,0.0
SKU_0031,MSK,2023-02,0.0,0,0.0
SKU_0031,MSK,2023-03,0.0,0,0.0
SKU_0031,MSK,2023-04,0.0,0,0.0
SKU_0031,MSK,2023-05,0.0,0,0.0
SKU_0031,MSK,2023-06,0.0,0,0.0
SKU_0031,MSK,2023-07,0.0,30,0.0
SKU_0031,MSK,2023-08,0.0,0,0.0
SKU_0031,MSK,2023-09,117.0,0,0.0
SKU_0031,MSK,2023-10,96.0,0,0.0
SKU_0031,MSK,2023-11,106.0,0,0.0
SKU_0031,MSK,2023-12,109.0,0,0.0
SKU_0031,MSK,2024-01,76.0,0,0.0
SKU_0031,MSK,2024-02,0.0,0,0.0
SKU_0031,MSK,2024-03,66.0,0,0.0
SKU_0031,MSK,2024-04,74.0,0,0.0
SKU_0031,MSK,2024-05,0.0,0,0.0
SKU_0031,MSK,2024-06,0.0,0,0.0
SKU_0031,MSK,2024-07,0.0,0,0.0
SKU_0031,MSK,2024-08,0.0,0,0.0
SKU_0031,MSK,2024-09,89.0,0,0.0
SKU_0031,MSK,2024-10,128.0,0,0.0
SKU_0031,MSK,2024-11,83.0,0,0.0
SKU_0031,MSK,2024-12,0.0,0,0.0
SKU_0031,MSK,2025-01,0.0,0,0.0
SKU_0031,MSK,2025-02,0.0,0,0.0
SKU_0031,MSK,2025-03,0.0,0,0.0
SKU_0031,MSK,2025-04,0.0,0,0.0
SKU_0031,MSK,2025-05,71.0,0,0.0
SKU_0031,MSK,2025-06,0.0,0,0.0
SKU_0031,MSK,2025-07,118.0,0,0.0
SKU_0031,MSK,2025-08,82.0,0,0.0
SKU_0031,MSK,2025-09,96.0,0,0.0
SKU_0031,MSK,2025-10,0.0,0,0.0
SKU_0031,MSK,2025-11,0.0,0,0.0
SKU_0031,MSK,2025-12,0.0,0,0.0
SKU_0032,MSK,2023-01,1419.0,0,0.0
SKU_0032,MSK,2023-02,1607.0,0,0.0
SKU_0032,MSK,2023-03,1328.0,0,0.0
SKU_0032,MSK,2023-04,1027.0,0,0.0
SKU_0032,MSK,2023-05,854.0,0,0.0
SKU_0032,MSK,2023-06,864.0,0,0.0
SKU_0032,MSK,2023-07,777.0,0,0.0
SKU_0032,MSK,2023-08,1145.0,0,0.0
SKU_0032,MSK,2023-09,1754.0,0,0.0
SKU_0032,MSK,2023-10,1708.0,0,0.0
SKU_0032,MSK,2023-11,2057.0,0,0.0
SKU_0032,MSK,2023-12,1753.0,0,0.0
SKU_0032,MSK,2024-01,1336.0,0,0.0
SKU_0032,MSK,2024-02,1540.0,0,0.0
SKU_0032,MSK,2024-03,1148.0,0,0.0
SKU_0032,MSK,2024-04,1327.0,0,0.0
SKU_0032,MSK,2024-05,1008.0,0,0.0
SKU_0032,MSK,2024-06,998.0,0,0.0
SKU_0032,MSK,2024-07,1197.0,0,0.0
SKU_0032,MSK,2024-08,1389.0,0,0.0
SKU_0032,MSK,2024-09,1703.0,0,0.0
SKU_0032,MSK,2024-10,1762.0,0,0.0
SKU_0032,MSK,2024-11,2003.0,0,0.0
SKU_0032,MSK,2024-12,2226.0,0,0.0
SKU_0032,MSK,2025-01,1704.0,0,0.0
SKU_0032,MSK,2025-02,1909.0,0,0.0
SKU_0032,MSK,2025-03,1385.0,0,0.0
SKU_0032,MSK,2025-04,890.0,0,0.0
SKU_0032,MSK,2025-05,949.0,0,0.0
SKU_0032,MSK,2025-06,1363.0,0,0.0
SKU_0032,MSK,2025-07,1405.0,0,0.0
SKU_0032,MSK,2025-08,1657.0,0,0.0
SKU_0032,MSK,2025-09,1738.0,0,0.0
SKU_0032,MSK,2025-10,1837.0,0,0.0
SKU_0032,MSK,2025-11,1905.0,0,0.0
SKU_0032,MSK,2025-12,1895.0,0,0.0
SKU_0033,MSK,2023-01,3715.0,0,0.0
SKU_0033,MSK,2023-02,3266.0,0,0.0
SKU_0033,MSK,2023-03,3254.0,0,0.0
SKU_0033,MSK,2023-04,2796.0,0,0.0
SKU_0033,MSK,2023-05,2313.0,0,0.0
SKU_0033,MSK,2023-06,2392.0,0,0.0
SKU_0033,MSK,2023-07,2278.0,0,0.0
SKU_0033,MSK,2023-08,2705.0,0,0.0
SKU_0033,MSK,2023-09,3158.0,0,0.0
SKU_0033,MSK,2023-10,3659.0,0,0.0
SKU_0033,MSK,2023-11,3868.0,0,0.0
SKU_0033,MSK,2023-12,4618.0,0,0.0
SKU_0033,MSK,2024-01,4117.0,0,0.0
SKU_0033,MSK,2024-02,4147.0,0,0.0
SKU_0033,MSK,2024-03,3518.5,30,0.0
SKU_0033,MSK,2024-04,3518.5,30,0.0
SKU_0033,MSK,2024-05,2882.0,0,0.0
SKU_0033,MSK,2024-06,2455.0,0,0.0
SKU_0033,MSK,2024-07,2758.0,0,0.0
SKU_0033,MSK,2024-08,3117.0,0,0.0
SKU_0033,MSK,2024-09,3435.0,0,0.0
SKU_0033,MSK,2024-10,5042.0,0,0.0
SKU_0033,MSK,2024-11,4018.0,0,0.0
SKU_0033,MSK,2024-12,4320.0,0,0.0
SKU_0033,MSK,2025-01,3950.0,0,0.0
SKU_0033,MSK,2025-02,4740.0,0,0.0
SKU_0033,MSK,2025-03,4029.0,0,0.0
SKU_0033,MSK,2025-04,3559.0,0,0.0
SKU_0033,MSK,2025-05,3478.0,0,0.0
SKU_0033,MSK,2025-06,2425.0,0,0.0
SKU_0033,MSK,2025-07,3177.0,0,0.0
SKU_0033,MSK,2025-08,3468.0,0,0.0
SKU_0033,MSK,2025-09,3897.0,0,0.0
SKU_0033,MSK,2025-10,4049.0,0,0.0
SKU_0033,MSK,2025-11,4826.0,0,0.0
SKU_0033,MSK,2025-12,5332.0,0,0.0
SKU_0034,EKB,2023-01,392.0,0,0.0
SKU_0034,EKB,2023-02,314.0,0,0.0
SKU_0034,EKB,2023-03,304.0,0,0.0
SKU_0034,EKB,2023-04,221.0,0,0.0
SKU_0034,EKB,2023-05,240.0,0,0.0
SKU_0034,EKB,2023-06,238.0,0,0.0
SKU_0034,EKB,2023-07,250.0,0,0.0
SKU_0034,EKB,2023-08,269.0,0,0.0
SKU_0034,EKB,2023-09,291.0,0,0.0
SKU_0034,EKB,2023-10,378.0,0,0.0
SKU_0034,EKB,2023-11,392.0,0,0.0
SKU_0034,EKB,2023-12,381.0,0,0.0
SKU_0034,EKB,2024-01,410.0,0,0.0
SKU_0034,EKB,2024-02,386.0,0,0.0
SKU_0034,EKB,2024-03,287.0,0,0.0
SKU_0034,EKB,2024-04,279.0,0,0.0
SKU_0034,EKB,2024-05,265.0,0,0.0
SKU_0034,EKB,2024-06,278.0,0,0.0
SKU_0034,EKB,2024-07,261.0,0,0.0
SKU_0034,EKB,2024-08,298.0,0,0.0
SKU_0034,EKB,2024-09,271.0,0,0.0
SKU_0034,EKB,2024-10,376.0,0,0.0
SKU_0034,EKB,2024-11,467.0,0,0.0
SKU_0034,EKB,2024-12,429.0,0,0.0
SKU_0034,EKB,2025-01,462.0,0,0.0
SKU_0034,EKB,2025-02,414.0,0,0.0
SKU_0034,EKB,2025-03,360.0,0,0.0
SKU_0034,EKB,2025-04,341.0,0,0.0
SKU_0034,EKB,2025-05,267.0,0,0.0
SKU_0034,EKB,2025-06,261.0,0,0.0
SKU_0034,EKB,2025-07,239.0,0,0.0
SKU_0034,EKB,2025-08,342.0,0,0.0
SKU_0034,EKB,2025-09,339.0,0,0.0
SKU_0034,EKB,2025-10,461.0,0,0.0
SKU_0034,EKB,2025-11,471.0,0,0.0
SKU_0034,EKB,2025-12,448.0,0,0.0
SKU_0034,MSK,2023-01,803.0,0,0.0
SKU_0034,MSK,2023-02,643.0,0,0.0
SKU_0034,MSK,2023-03,622.0,0,0.0
SKU_0034,MSK,2023-04,452.0,0,0.0
SKU_0034,MSK,2023-05,491.0,0,0.0
SKU_0034,MSK,2023-06,488.0,0,0.0
SKU_0034,MSK,2023-07,512.0,0,0.0
SKU_0034,MSK,2023-08,552.0,0,0.0
SKU_0034,MSK,2023-09,597.0,0,0.0
SKU_0034,MSK,2023-10,774.0,0,0.0
SKU_0034,MSK,2023-11,803.0,0,0.0
SKU_0034,MSK,2023-12,781.0,0,0.0
SKU_0034,MSK,2024-01,839.0,0,0.0
SKU_0034,MSK,2024-02,791.0,0,0.0
SKU_0034,MSK,2024-03,589.0,0,0.0
SKU_0034,MSK,2024-04,571.0,0,0.0
SKU_0034,MSK,2024-05,544.0,0,0.0
SKU_0034,MSK,2024-06,570.0,0,0.0
SKU_0034,MSK,2024-07,535.0,0,0.0
SKU_0034,MSK,2024-08,611.0,0,0.0
SKU_0034,MSK,2024-09,555.0,0,0.0
SKU_0034,MSK,2024-10,770.0,0,0.0
SKU_0034,MSK,2024-11,957.0,0,0.0
SKU_0034,MSK,2024-12,879.0,0,0.0
SKU_0034,MSK,2025-01,946.0,0,0.0
SKU_0034,MSK,2025-02,848.0,0,0.0
SKU_0034,MSK,2025-03,737.0,0,0.0
SKU_0034,MSK,2025-04,698.0,0,0.0
SKU_0034,MSK,2025-05,547.0,0,0.0
SKU_0034,MSK,2025-06,535.0,0,0.0
SKU_0034,MSK,2025-07,489.0,0,0.0
SKU_0034,MSK,2025-08,700.0,0,0.0
SKU_0034,MSK,2025-09,694.0,0,0.0
SKU_0034,MSK,2025-10,944.0,0,0.0
SKU_0034,MSK,2025-11,964.0,0,0.0
SKU_0034,MSK,2025-12,917.0,0,0.0
SKU_0035,MSK,2025-08,305.0,0,0.0
SKU_0035,MSK,2025-09,265.0,0,0.0
SKU_0035,MSK,2025-10,358.0,0,0.0
SKU_0035,MSK,2025-11,413.0,0,0.0
SKU_0035,MSK,2025-12,318.0,0,0.0
SKU_0036,MSK,2023-01,551.0,0,0.0
SKU_0036,MSK,2023-02,644.0,0,0.0
SKU_0036,MSK,2023-03,658.0,0,0.0
SKU_0036,MSK,2023-04,578.0,0,0.0
SKU_0036,MSK,2023-05,762.0,0,0.0
SKU_0036,MSK,2023-06,745.0,0,0.0
SKU_0036,MSK,2023-07,647.0,0,0.0
SKU_0036,MSK,2023-08,580.0,0,0.0
SKU_0036,MSK,2023-09,681.0,0,0.0
SKU_0036,MSK,2023-10,694.0,0,0.0
SKU_0036,MSK,2023-11,488.0,0,0.0
SKU_0036,MSK,2023-12,438.0,0,0.0
SKU_0036,MSK,2024-01,521.0,0,0.0
SKU_0036,MSK,2024-02,785.0,0,0.0
SKU_0036,MSK,2024-03,654.0,0,0.0
SKU_0036,MSK,2024-04,851.0,0,0.0
SKU_0036,MSK,2024-05,846.0,0,0.0
SKU_0036,MSK,2024-06,793.0,0,0.0
SKU_0036,MSK,2024-07,679.0,0,0.0
SKU_0036,MSK,2024-08,627.0,0,0.0
SKU_0036,MSK,2024-09,424.0,0,0.0
SKU_0036,MSK,2024-10,216.0,0,0.0
SKU_0036,MSK,2024-11,245.0,0,0.0
SKU_0036,MSK,2024-12,279.0,0,0.0
SKU_0036,MSK,2025-01,268.0,0,0.0
SKU_0036,MSK,2025-02,346.0,0,0.0
SKU_0036,MSK,2025-03,295.0,0,0.0
SKU_0036,MSK,2025-04,295.0,0,0.0
SKU_0036,MSK,2025-05,229.0,0,0.0
SKU_0036,MSK,2025-06,220.0,0,0.0
SKU_0036,MSK,2025-07,207.0,0,0.0
SKU_0036,MSK,2025-08,199.0,0,0.0
SKU_0036,MSK,2025-09,204.0,0,0.0
SKU_0036,MSK,2025-10,207.0,0,0.0
SKU_0036,MSK,2025-11,247.0,0,0.0
SKU_0036,MSK,2025-12,304.0,0,0.0
SKU_0037,MSK,2023-01,224.0,0,0.0
SKU_0037,MSK,2023-02,183.0,0,0.0
SKU_0037,MSK,2023-03,164.0,0,0.0
SKU_0037,MSK,2023-04,205.0,0,0.0
SKU_0037,MSK,2023-05,223.0,0,0.0
SKU_0037,MSK,2023-06,264.0,0,0.0
SKU_0037,MSK,2023-07,263.0,0,0.0
SKU_0037,MSK,2023-08,318.0,0,0.0
SKU_0037,MSK,2023-09,304.0,0,0.0
SKU_0037,MSK,2023-10,350.0,0,0.0
SKU_0037,MSK,2023-11,318.0,0,0.0
SKU_0037,MSK,2023-12,261.0,0,0.0
SKU_0037,MSK,2024-01,238.0,0,0.0
SKU_0037,MSK,2024-02,192.0,0,0.0
SKU_0037,MSK,2024-03,200.0,0,0.0
SKU_0037,MSK,2024-04,217.0,0,0.0
SKU_0037,MSK,2024-05,247.0,0,0.0
SKU_0037,MSK,2024-06,281.0,0,0.0
SKU_0037,MSK,2024-07,304.0,0,0.0
SKU_0037,MSK,2024-08,1345.0,0,25.0
SKU_0037,MSK,2024-09,391.0,0,0.0
SKU_0037,MSK,2024-10,368.0,0,0.0
SKU_0037,MSK,2024-11,331.0,0,0.0
SKU_0037,MSK,2024-12,295.0,0,0.0
SKU_0037,MSK,2025-01,300.0,0,0.0
SKU_0037,MSK,2025-02,259.0,0,0.0
SKU_0037,MSK,2025-03,242.0,0,0.0
SKU_0037,MSK,2025-04,260.0,0,0.0
SKU_0037,MSK,2025-05,271.0,0,0.0
SKU_0037,MSK,2025-06,335.0,0,0.0
SKU_0037,MSK,2025-07,394.0,0,0.0
SKU_0037,MSK,2025-08,378.0,0,0.0
SKU_0037,MSK,2025-09,420.0,0,0.0
SKU_0037,MSK,2025-10,434.0,0,0.0
SKU_0037,MSK,2025-11,402.0,0,0.0
SKU_0037,MSK,2025-12,379.0,0,0.0
SKU_0038,MSK,2023-01,101.0,0,0.0
SKU_0038,MSK,2023-02,134.0,0,0.0
SKU_0038,MSK,2023-03,150.0,0,0.0
SKU_0038,MSK,2023-04,143.0,0,0.0
SKU_0038,MSK,2023-05,162.0,0,0.0
SKU_0038,MSK,2023-06,159.0,0,0.0
SKU_0038,MSK,2023-07,142.0,0,0.0
SKU_0038,MSK,2023-08,118.0,0,0.0
SKU_0038,MSK,2023-09,93.0,0,0.0
SKU_0038,MSK,2023-10,87.0,0,0.0
SKU_0038,MSK,2023-11,79.0,0,0.0
SKU_0038,MSK,2023-12,93.0,0,0.0
SKU_0038,MSK,2024-01,111.0,0,0.0
SKU_0038,MSK,2024-02,136.0,0,0.0
SKU_0038,MSK,2024-03,156.0,0,0.0
SKU_0038,MSK,2024-04,146.0,0,0.0
SKU_0038,MSK,2024-05,179.0,0,0.0
SKU_0038,MSK,2024-06,151.0,0,0.0
SKU_0038,MSK,2024-07,152.0,0,0.0
SKU_0038,MSK,2024-08,152.0,0,0.0
SKU_0038,MSK,2024-09,131.0,0,0.0
SKU_0038,MSK,2024-10,111.0,0,0.0
SKU_0038,MSK,2024-11,105.0,0,0.0
SKU_0038,MSK,2024-12,121.0,0,0.0
SKU_0038,MSK,2025-01,121.0,0,0.0
SKU_0038,MSK,2025-02,135.0,30,0.0
SKU_0038,MSK,2025-03,135.0,30,0.0
SKU_0038,MSK,2025-04,179.0,0,0.0
SKU_0038,MSK,2025-05,184.0,0,0.0
SKU_0038,MSK,2025-06,180.0,0,0.0
SKU_0038,MSK,2025-07,176.0,0,0.0
SKU_0038,MSK,2025-08,172.0,0,0.0
SKU_0038,MSK,2025-09,124.0,0,0.0
SKU_0038,MSK,2025-10,129.0,0,0.0
SKU_0038,MSK,2025-11,102.0,0,0.0
SKU_0038,MSK,2025-12,97.0,0,0.0
SKU_0039,MSK,2023-01,1178.0,0,0.0
SKU_0039,MSK,2023-02,1037.0,0,0.0
SKU_0039,MSK,2023-03,1005.0,0,0.0
SKU_0039,MSK,2023-04,1071.0,0,0.0
SKU_0039,MSK,2023-05,1333.0,0,0.0
SKU_0039,MSK,2023-06,1136.0,0,0.0
SKU_0039,MSK,2023-07,1564.0,0,0.0
SKU_0039,MSK,2023-08,1722.0,0,0.0
SKU_0039,MSK,2023-09,1626.0,0,0.0
SKU_0039,MSK,2023-10,2143.0,0,0.0
SKU_0039,MSK,2023-11,1509.0,0,0.0
SKU_0039,MSK,2023-12,1607.0,0,0.0
SKU_0039,MSK,2024-01,1463.0,0,0.0
SKU_0039,MSK,2024-02,1075.0,0,0.0
SKU_0039,MSK,2024-03,1093.0,0,0.0
SKU_0039,MSK,2024-04,1546.0,0,0.0
SKU_0039,MSK,2024-05,1309.0,0,0.0
SKU_0039,MSK,2024-06,1437.0,0,0.0
SKU_0039,MSK,2024-07,1365.0,0,0.0
SKU_0039,MSK,2024-08,1934.0,0,0.0
SKU_0039,MSK,2024-09,1550.0,0,0.0
SKU_0039,MSK,2024-10,2047.0,0,0.0
SKU_0039,MSK,2024-11,1297.0,0,0.0
SKU_0039,MSK,2024-12,1405.0,0,0.0
SKU_0039,MSK,2025-01,1394.0,0,0.0
SKU_0039,MSK,2025-02,1655.0,0,0.0
SKU_0039,MSK,2025-03,1108.0,0,0.0
SKU_0039,MSK,2025-04,1143.0,0,0.0
SKU_0039,MSK,2025-05,1538.0,0,0.0
SKU_0039,MSK,2025-06,1842.0,0,0.0
SKU_0039,MSK,2025-07,2060.0,0,0.0
SKU_0039,MSK,2025-08,2004.0,0,0.0
SKU_0039,MSK,2025-09,1746.0,0,0.0
SKU_0039,MSK,2025-10,1692.0,0,0.0
SKU_0039,MSK,2025-11,1874.0,0,0.0
SKU_0039,MSK,2025-12,1643.0,0,0.0
SKU_0040,MSK,2023-01,0.0,30,0.0
SKU_0040,MSK,2023-02,0.0,30,0.0
SKU_0040,MSK,2023-03,0.0,0,0.0
SKU_0040,MSK,2023-04,0.0,0,0.0
SKU_0040,MSK,2023-05,31.0,0,0.0
SKU_0040,MSK,2023-06,0.0,0,0.0
SKU_0040,MSK,2023-07,31.0,0,0.0
SKU_0040,MSK,2023-08,0.0,0,0.0
SKU_0040,MSK,2023-09,0.0,0,0.0
SKU_0040,MSK,2023-10,28.0,0,0.0
SKU_0040,MSK,2023-11,0.0,0,0.0
SKU_0040,MSK,2023-12,18.0,0,0.0
SKU_0040,MSK,2024-01,0.0,0,0.0
SKU_0040,MSK,2024-02,0.0,0,0.0
SKU_0040,MSK,2024-03,30.0,0,0.0
SKU_0040,MSK,2024-04,31.0,0,0.0
SKU_0040,MSK,2024-05,0.0,0,0.0
SKU_0040,MSK,2024-06,0.0,0,0.0
SKU_0040,MSK,2024-07,0.0,0,0.0
SKU_0040,MSK,2024-08,0.0,0,0.0
SKU_0040,MSK,2024-09,26.0,0,0.0
SKU_0040,MSK,2024-10,0.0,0,0.0
SKU_0040,MSK,2024-11,28.0,0,0.0
SKU_0040,MSK,2024-12,0.0,0,0.0
SKU_0040,MSK,2025-01,0.0,0,0.0
SKU_0040,MSK,2025-02,0.0,0,0.0
SKU_0040,MSK,2025-03,0.0,0,0.0
SKU_0040,MSK,2025-04,31.0,0,0.0
SKU_0040,MSK,2025-05,31.0,0,0.0
SKU_0040,MSK,2025-06,0.0,0,0.0
SKU_0040,MSK,2025-07,0.0,0,0.0
SKU_0040,MSK,2025-08,0.0,0,0.0
SKU_0040,MSK,2025-09,27.0,0,0.0
SKU_0040,MSK,2025-10,0.0,30,0.0
SKU_0040,MSK,2025-11,21.0,0,0.0
SKU_0040,MSK,2025-12,0.0,0,0.0
