sku,location,period,stock_end_qty,days_out_of_stock
SKU_0001,MSK,2023-01,174,0
SKU_0001,MSK,2023-02,150,0
SKU_0001,MSK,2023-03,193,0
SKU_0001,MSK,2023-04,232,0
SKU_0001,MSK,2023-05,199,0
SKU_0001,MSK,2023-06,126,0
SKU_0001,MSK,2023-07,503,0
SKU_0001,MSK,2023-08,153,0
SKU_0001,MSK,2023-09,141,0
SKU_0001,MSK,2023-10,135,0
SKU_0001,MSK,2023-11,2056,0
SKU_0001,MSK,2023-12,575,0
SKU_0001,MSK,2024-01,499,0
SKU_0001,MSK,2024-02,231,0
SKU_0001,MSK,2024-03,292,0
SKU_0001,MSK,2024-04,265,0
SKU_0001,MSK,2024-05,130,0
SKU_0001,MSK,2024-06,414,0
SKU_0001,MSK,2024-07,318,0
SKU_0001,MSK,2024-08,374,0
SKU_0001,MSK,2024-09,487,0
SKU_0001,MSK,2024-10,480,0
SKU_0001,MSK,2024-11,1199,0
SKU_0001,MSK,2024-12,187,0
SKU_0001,MSK,2025-01,510,0
SKU_0001,MSK,2025-02,429,0
SKU_0001,MSK,2025-03,490,0
SKU_0001,MSK,2025-04,360,0
SKU_0001,MSK,2025-05,458,0
SKU_0001,MSK,2025-06,186,0
SKU_0001,MSK,2025-07,517,0
SKU_0001,MSK,2025-08,377,0
SKU_0001,MSK,2025-09,345,0
SKU_0001,MSK,2025-10,647,0
SKU_0001,MSK,2025-11,182,0
SKU_0001,MSK,2025-12,510,0
SKU_0002,MSK,2023-01,27,0
SKU_0002,MSK,2023-02,36,0
SKU_0002,MSK,2023-03,1,0
SKU_0002,MSK,2023-04,1,0
SKU_0002,MSK,2023-05,1,0
SKU_0002,MSK,2023-06,2,0
SKU_0002,MSK,2023-07,1,0
SKU_0002,MSK,2023-08,1,0
SKU_0002,MSK,2023-09,1,0
SKU_0002,MSK,2023-10,1,0
SKU_0002,MSK,2023-11,25,0
SKU_0002,MSK,2023-12,35,0
SKU_0002,MSK,2024-01,1,0
SKU_0002,MSK,2024-02,1,0
SKU_0002,MSK,2024-03,1,0
SKU_0002,MSK,2024-04,1,0
SKU_0002,MSK,2024-05,75,0
SKU_0002,MSK,2024-06,65,0
SKU_0002,MSK,2024-07,1,0
SKU_0002,MSK,2024-08,63,0
SKU_0002,MSK,2024-09,1,0
SKU_0002,MSK,2024-10,2,0
SKU_0002,MSK,2024-11,1,0
SKU_0002,MSK,2024-12,20,0
SKU_0002,MSK,2025-01,2,0
SKU_0002,MSK,2025-02,1,0
SKU_0002,MSK,2025-03,0,0
SKU_0002,MSK,2025-04,1,0
SKU_0002,MSK,2025-05,1,0
SKU_0002,MSK,2025-06,1,0
SKU_0002,MSK,2025-07,1,0
SKU_0002,MSK,2025-08,1,0
SKU_0002,MSK,2025-09,1,0
SKU_0002,MSK,2025-10,62,0
SKU_0002,MSK,2025-11,1,0
SKU_0002,MSK,2025-12,2,0
SKU_0003,EKB,2023-01,275,0
SKU_0003,EKB,2023-02,183,0
SKU_0003,EKB,2023-03,266,0
SKU_0003,EKB,2023-04,178,0
SKU_0003,EKB,2023-05,148,0
SKU_0003,EKB,2023-06,265,0
SKU_0003,EKB,2023-07,356,0
SKU_0003,EKB,2023-08,353,0
SKU_0003,EKB,2023-09,167,0
SKU_0003,EKB,2023-10,327,0
SKU_0003,EKB,2023-11,502,0
SKU_0003,EKB,2023-12,167,0
SKU_0003,EKB,2024-01,646,0
SKU_0003,EKB,2024-02,180,0
SKU_0003,EKB,2024-03,132,0
SKU_0003,EKB,2024-04,259,0
SKU_0003,EKB,2024-05,308,0
SKU_0003,EKB,2024-06,92,0
SKU_0003,EKB,2024-07,427,0
SKU_0003,EKB,2024-08,262,0
SKU_0003,EKB,2024-09,333,0
SKU_0003,EKB,2024-10,408,0
SKU_0003,EKB,2024-11,368,0
SKU_0003,EKB,2024-12,414,0
SKU_0003,EKB,2025-01,365,0
SKU_0003,EKB,2025-02,183,0
SKU_0003,EKB,2025-03,221,0
SKU_0003,EKB,2025-04,520,0
SKU_0003,EKB,2025-05,108,0
SKU_0003,EKB,2025-06,125,0
SKU_0003,EKB,2025-07,226,0
SKU_0003,EKB,2025-08,190,0
SKU_0003,EKB,2025-09,193,0
SKU_0003,EKB,2025-10,148,0
SKU_0003,EKB,2025-11,410,0
SKU_0003,EKB,2025-12,518,0
SKU_0003,MSK,2023-01,717,0
SKU_0003,MSK,2023-02,307,0
SKU_0003,MSK,2023-03,892,0
SKU_0003,MSK,2023-04,757,0
SKU_0003,MSK,2023-05,787,0
SKU_0003,MSK,2023-06,805,0
SKU_0003,MSK,2023-07,883,0
SKU_0003,MSK,2023-08,455,0
SKU_0003,MSK,2023-09,305,0
SKU_0003,MSK,2023-10,1143,0
SKU_0003,MSK,2023-11,1202,0
SKU_0003,MSK,2023-12,939,0
SKU_0003,MSK,2024-01,940,0
SKU_0003,MSK,2024-02,638,0
SKU_0003,MSK,2024-03,999,0
SKU_0003,MSK,2024-04,724,0
SKU_0003,MSK,2024-05,548,0
SKU_0003,MSK,2024-06,239,0
SKU_0003,MSK,2024-07,964,0
SKU_0003,MSK,2024-08,1071,0
SKU_0003,MSK,2024-09,798,0
SKU_0003,MSK,2024-10,756,0
SKU_0003,MSK,2024-11,766,0
SKU_0003,MSK,2024-12,1038,0
SKU_0003,MSK,2025-01,878,0
SKU_0003,MSK,2025-02,1071,0
SKU_0003,MSK,2025-03,671,0
SKU_0003,MSK,2025-04,488,0
SKU_0003,MSK,2025-05,557,0
SKU_0003,MSK,2025-06,737,0
SKU_0003,MSK,2025-07,526,0
SKU_0003,MSK,2025-08,809,0
SKU_0003,MSK,2025-09,1107,0
SKU_0003,MSK,2025-10,344,0
SKU_0003,MSK,2025-11,1201,0
SKU_0003,MSK,2025-12,675,0
SKU_0004,MSK,2023-01,705,0
SKU_0004,MSK,2023-02,1038,0
SKU_0004,MSK,2023-03,1002,0
SKU_0004,MSK,2023-04,487,0
SKU_0004,MSK,2023-05,639,0
SKU_0004,MSK,2023-06,550,0
SKU_0004,MSK,2023-07,1099,0
SKU_0004,MSK,2023-08,1315,0
SKU_0004,MSK,2023-09,816,0
SKU_0004,MSK,2023-10,515,0
SKU_0004,MSK,2023-11,249,0
SKU_0004,MSK,2023-12,563,0
SKU_0004,MSK,2024-01,864,0
SKU_0004,MSK,2024-02,346,0
SKU_0004,MSK,2024-03,874,0
SKU_0004,MSK,2024-04,1430,0
SKU_0004,MSK,2024-05,372,0
SKU_0004,MSK,2024-06,942,0
SKU_0004,MSK,2024-07,362,0
SKU_0004,MSK,2024-08,1038,0
SKU_0004,MSK,2024-09,336,0
SKU_0004,MSK,2024-10,712,0
SKU_0004,MSK,2024-11,908,0
SKU_0004,MSK,2024-12,1064,0
SKU_0004,MSK,2025-01,802,0
SKU_0004,MSK,2025-02,1535,0
SKU_0004,MSK,2025-03,571,0
SKU_0004,MSK,2025-04,544,0
SKU_0004,MSK,2025-05,655,0
SKU_0004,MSK,2025-06,937,0
SKU_0004,MSK,2025-07,1200,0
SKU_0004,MSK,2025-08,337,0
SKU_0004,MSK,2025-09,1068,0
SKU_0004,MSK,2025-10,247,0
SKU_0004,MSK,2025-11,797,0
SKU_0004,MSK,2025-12,1138,0
SKU_0005,MSK,2023-01,890,0
SKU_0005,MSK,2023-02,1122,0
SKU_0005,MSK,2023-03,763,0
SKU_0005,MSK,2023-04,410,0
SKU_0005,MSK,2023-05,581,0
SKU_0005,MSK,2023-06,488,0
SKU_0005,MSK,2023-09,300,0
SKU_0005,MSK,2023-10,475,0
SKU_0005,MSK,2023-11,651,0
SKU_0005,MSK,2023-12,293,0
SKU_0005,MSK,2024-01,825,0
SKU_0005,MSK,2024-02,1019,0
SKU_0005,MSK,2024-03,757,0
SKU_0005,MSK,2024-04,688,0
SKU_0005,MSK,2024-05,371,0
SKU_0005,MSK,2024-06,349,0
SKU_0005,MSK,2024-07,549,0
SKU_0005,MSK,2024-09,637,0
SKU_0005,MSK,2024-10,429,0
SKU_0005,MSK,2024-11,604,0
SKU_0005,MSK,2024-12,874,0
SKU_0005,MSK,2025-01,967,0
SKU_0005,MSK,2025-02,900,0
SKU_0005,MSK,2025-03,831,0
SKU_0005,MSK,2025-04,730,0
SKU_0005,MSK,2025-06,668,0
SKU_0005,MSK,2025-07,807,0
SKU_0005,MSK,2025-08,818,0
SKU_0005,MSK,2025-09,587,0
SKU_0005,MSK,2025-10,517,0
SKU_0005,MSK,2025-11,1142,0
SKU_0005,MSK,2025-12,669,0
SKU_0006,MSK,2023-01,153,0
SKU_0006,MSK,2023-02,186,0
SKU_0006,MSK,2023-03,83,0
SKU_0006,MSK,2023-04,119,0
SKU_0006,MSK,2023-05,132,0
SKU_0006,MSK,2023-06,100,0
SKU_0006,MSK,2023-07,63,0
SKU_0006,MSK,2023-08,58,0
SKU_0006,MSK,2023-09,124,0
SKU_0006,MSK,2023-10,191,0
SKU_0006,MSK,2023-11,122,0
SKU_0006,MSK,2023-12,184,0
SKU_0006,MSK,2024-01,269,0
SKU_0006,MSK,2024-02,131,0
SKU_0006,MSK,2024-03,749,0
SKU_0006,MSK,2024-04,135,0
SKU_0006,MSK,2024-05,104,0
SKU_0006,MSK,2024-06,153,0
SKU_0006,MSK,2024-07,140,0
SKU_0006,MSK,2024-08,162,0
SKU_0006,MSK,2024-09,101,0
SKU_0006,MSK,2024-10,170,0
SKU_0006,MSK,2024-11,171,0
SKU_0006,MSK,2024-12,192,0
SKU_0006,MSK,2025-01,213,0
SKU_0006,MSK,2025-02,237,0
SKU_0006,MSK,2025-03,75,0
SKU_0006,MSK,2025-04,215,0
SKU_0006,MSK,2025-05,197,0
SKU_0006,MSK,2025-06,77,0
SKU_0006,MSK,2025-07,142,0
SKU_0006,MSK,2025-08,154,0
SKU_0006,MSK,2025-09,87,0
SKU_0006,MSK,2025-10,80,0
SKU_0006,MSK,2025-11,54,0
SKU_0006,MSK,2025-12,133,0
SKU_0007,MSK,2023-01,930,0
SKU_0007,MSK,2023-02,914,0
SKU_0007,MSK,2023-03,1891,0
SKU_0007,MSK,2023-04,920,0
SKU_0007,MSK,2023-05,616,0
SKU_0007,MSK,2023-06,1976,0
SKU_0007,MSK,2023-07,1013,0
SKU_0007,MSK,2023-08,1881,0
SKU_0007,MSK,2023-09,0,30
SKU_0007,MSK,2023-10,0,30
SKU_0007,MSK,2023-11,2080,0
SKU_0007,MSK,2023-12,1417,0
SKU_0007,MSK,2024-01,1972,0
SKU_0007,MSK,2024-02,704,0
SKU_0007,MSK,2024-03,655,0
SKU_0007,MSK,2024-04,554,0
SKU_0007,MSK,2024-05,693,0
SKU_0007,MSK,2024-06,1211,0
SKU_0007,MSK,2024-07,1855,0
SKU_0007,MSK,2024-08,966,0
SKU_0007,MSK,2024-09,924,0
SKU_0007,MSK,2024-10,1091,0
SKU_0007,MSK,2024-11,748,0
SKU_0007,MSK,2024-12,1712,0
SKU_0007,MSK,2025-01,998,0
SKU_0007,MSK,2025-02,1921,0
SKU_0007,MSK,2025-03,2008,0
SKU_0007,MSK,2025-04,1025,0
SKU_0007,MSK,2025-05,904,0
SKU_0007,MSK,2025-06,1272,0
SKU_0007,MSK,2025-07,1154,0
SKU_0007,MSK,2025-08,1564,0
SKU_0007,MSK,2025-09,2865,0
SKU_0007,MSK,2025-10,1588,0
SKU_0007,MSK,2025-11,2217,0
SKU_0007,MSK,2025-12,3459,0
SKU_0008,EKB,2023-01,61,0
SKU_0008,EKB,2023-02,71,0
SKU_0008,EKB,2023-03,259,0
SKU_0008,EKB,2023-04,169,0
SKU_0008,EKB,2023-05,268,0
SKU_0008,EKB,2023-06,455,0
SKU_0008,EKB,2023-07,327,0
SKU_0008,EKB,2023-08,426,0
SKU_0008,EKB,2023-09,201,0
SKU_0008,EKB,2023-10,81,0
SKU_0008,EKB,2023-11,131,0
SKU_0008,EKB,2023-12,116,0
SKU_0008,EKB,2024-01,200,0
SKU_0008,EKB,2024-02,144,0
SKU_0008,EKB,2024-03,241,0
SKU_0008,EKB,2024-04,108,0
SKU_0008,EKB,2024-05,157,0
SKU_0008,EKB,2024-06,177,0
SKU_0008,EKB,2024-07,259,0
SKU_0008,EKB,2024-08,257,0
SKU_0008,EKB,2024-09,279,0
SKU_0008,EKB,2024-10,273,0
SKU_0008,EKB,2024-11,126,0
SKU_0008,EKB,2024-12,317,0
SKU_0008,EKB,2025-01,98,0
SKU_0008,EKB,2025-02,204,0
SKU_0008,EKB,2025-03,264,0
SKU_0008,EKB,2025-04,338,0
SKU_0008,EKB,2025-05,405,0
SKU_0008,EKB,2025-06,445,0
SKU_0008,EKB,2025-07,266,0
SKU_0008,EKB,2025-08,498,0
SKU_0008,EKB,2025-09,376,0
SKU_0008,EKB,2025-10,220,0
SKU_0008,EKB,2025-11,458,0
SKU_0008,EKB,2025-12,129,0
SKU_0008,MSK,2023-01,194,0
SKU_0008,MSK,2023-02,625,0
SKU_0008,MSK,2023-03,507,0
SKU_0008,MSK,2023-04,440,0
SKU_0008,MSK,2023-05,611,0
SKU_0008,MSK,2023-06,1655,0
SKU_0008,MSK,2023-07,855,0
SKU_0008,MSK,2023-08,1003,0
SKU_0008,MSK,2023-09,414,0
SKU_0008,MSK,2023-10,515,0
SKU_0008,MSK,2023-11,491,0
SKU_0008,MSK,2023-12,259,0
SKU_0008,MSK,2024-01,990,0
SKU_0008,MSK,2024-02,458,0
SKU_0008,MSK,2024-03,337,0
SKU_0008,MSK,2024-04,827,0
SKU_0008,MSK,2024-05,414,0
SKU_0008,MSK,2024-06,768,0
SKU_0008,MSK,2024-07,696,0
SKU_0008,MSK,2024-08,1738,0
SKU_0008,MSK,2024-09,485,0
SKU_0008,MSK,2024-10,861,0
SKU_0008,MSK,2024-11,965,0
SKU_0008,MSK,2024-12,617,0
SKU_0008,MSK,2025-01,614,0
SKU_0008,MSK,2025-02,787,0
SKU_0008,MSK,2025-03,648,0
SKU_0008,MSK,2025-04,774,0
SKU_0008,MSK,2025-05,1175,0
SKU_0008,MSK,2025-06,1706,0
SKU_0008,MSK,2025-07,1516,0
SKU_0008,MSK,2025-08,1502,0
SKU_0008,MSK,2025-09,492,0
SKU_0008,MSK,2025-10,874,0
SKU_0008,MSK,2025-11,541,0
SKU_0008,MSK,2025-12,918,0
SKU_0009,MSK,2023-01,4,0
SKU_0009,MSK,2023-02,10,0
SKU_0009,MSK,2023-03,1,0
SKU_0009,MSK,2023-04,11,0
SKU_0009,MSK,2023-05,7,0
SKU_0009,MSK,2023-06,1,0
SKU_0009,MSK,2023-07,2,0
SKU_0009,MSK,2023-08,1,0
SKU_0009,MSK,2023-09,1,0
SKU_0009,MSK,2023-10,1,0
SKU_0009,MSK,2023-11,2,0
SKU_0009,MSK,2023-12,2,0
SKU_0009,MSK,2024-01,2,0
SKU_0009,MSK,2024-02,1,0
SKU_0009,MSK,2024-03,0,0
SKU_0009,MSK,2024-04,1,0
SKU_0009,MSK,2024-05,1,0
SKU_0009,MSK,2024-06,4,0
SKU_0009,MSK,2024-07,1,0
SKU_0009,MSK,2024-08,4,0
SKU_0009,MSK,2024-09,2,0
SKU_0009,MSK,2024-10,2,0
SKU_0009,MSK,2024-11,1,0
SKU_0009,MSK,2024-12,17,0
SKU_0009,MSK,2025-01,8,0
SKU_0009,MSK,2025-02,1,0
SKU_0009,MSK,2025-03,1,0
SKU_0009,MSK,2025-04,2,0
SKU_0009,MSK,2025-05,1,0
SKU_0009,MSK,2025-06,8,0
SKU_0009,MSK,2025-07,2,0
SKU_0009,MSK,2025-08,9,0
SKU_0009,MSK,2025-09,1,0
SKU_0009,MSK,2025-10,0,0
SKU_0009,MSK,2025-11,1,0
SKU_0009,MSK,2025-12,1,0
SKU_0010,MSK,2023-01,1091,0
SKU_0010,MSK,2023-02,2082,0
SKU_0010,MSK,2023-03,3815,0
SKU_0010,MSK,2023-04,2118,0
SKU_0010,MSK,2023-05,2837,0
SKU_0010,MSK,2023-06,1400,0
SKU_0010,MSK,2023-07,4343,0
SKU_0010,MSK,2023-08,1649,0
SKU_0010,MSK,2023-09,3289,0
SKU_0010,MSK,2023-10,3482,0
SKU_0010,MSK,2023-11,2426,0
SKU_0010,MSK,2023-12,2393,0
SKU_0010,MSK,2024-01,3520,0
SKU_0010,MSK,2024-02,3518,0
SKU_0010,MSK,2024-03,2153,0
SKU_0010,MSK,2024-04,3521,0
SKU_0010,MSK,2024-05,3478,0
SKU_0010,MSK,2024-06,1068,0
SKU_0010,MSK,2024-07,1725,0
SKU_0010,MSK,2024-08,4552,0
SKU_0010,MSK,2024-09,4324,0
SKU_0010,MSK,2024-10,2074,0
SKU_0010,MSK,2024-11,3577,0
SKU_0010,MSK,2024-12,5002,0
SKU_0010,MSK,2025-01,4593,0
SKU_0010,MSK,2025-02,4169,0
SKU_0010,MSK,2025-03,2441,0
SKU_0010,MSK,2025-04,3337,0
SKU_0010,MSK,2025-05,3891,0
SKU_0010,MSK,2025-06,3582,0
SKU_0010,MSK,2025-07,3917,0
SKU_0010,MSK,2025-08,3851,0
SKU_0010,MSK,2025-09,5719,0
SKU_0010,MSK,2025-10,1320,0
SKU_0010,MSK,2025-11,2823,0
SKU_0010,MSK,2025-12,6332,0
SKU_0011,MSK,2023-01,971,0
SKU_0011,MSK,2023-02,361,0
SKU_0011,MSK,2023-03,481,0
SKU_0011,MSK,2023-04,642,0
SKU_0011,MSK,2023-05,1295,0
SKU_0011,MSK,2023-06,483,0
SKU_0011,MSK,2023-07,503,0
SKU_0011,MSK,2023-08,793,0
SKU_0011,MSK,2023-09,515,0
SKU_0011,MSK,2023-10,637,0
SKU_0011,MSK,2023-11,398,0
SKU_0011,MSK,2023-12,706,0
SKU_0011,MSK,2024-01,624,0
SKU_0011,MSK,2024-02,1298,0
SKU_0011,MSK,2024-03,682,0
SKU_0011,MSK,2024-04,1017,0
SKU_0011,MSK,2024-05,1492,0
SKU_0011,MSK,2024-06,743,0
SKU_0011,MSK,2024-07,942,0
SKU_0011,MSK,2024-08,632,0
SKU_0011,MSK,2024-09,186,0
SKU_0012,MSK,2023-01,975,0
SKU_0012,MSK,2023-02,448,0
SKU_0012,MSK,2023-03,1084,0
SKU_0012,MSK,2023-04,397,0
SKU_0012,MSK,2023-05,695,0
SKU_0012,MSK,2023-06,415,0
SKU_0012,MSK,2023-07,762,0
SKU_0012,MSK,2023-08,972,0
SKU_0012,MSK,2023-09,223,0
SKU_0012,MSK,2023-10,346,0
SKU_0012,MSK,2023-11,787,0
SKU_0012,MSK,2023-12,424,0
SKU_0012,MSK,2024-01,865,0
SKU_0012,MSK,2024-02,585,0
SKU_0012,MSK,2024-03,1373,0
SKU_0012,MSK,2024-04,538,0
SKU_0012,MSK,2024-05,812,0
SKU_0012,MSK,2024-06,546,0
SKU_0012,MSK,2024-07,520,0
SKU_0012,MSK,2024-08,434,0
SKU_0012,MSK,2024-09,0,30
SKU_0012,MSK,2024-10,0,30
SKU_0012,MSK,2024-11,0,30
SKU_0012,MSK,2024-12,995,0
SKU_0012,MSK,2025-01,667,0
SKU_0012,MSK,2025-02,668,0
SKU_0012,MSK,2025-03,490,0
SKU_0012,MSK,2025-04,576,0
SKU_0012,MSK,2025-05,1035,0
SKU_0012,MSK,2025-06,1350,0
SKU_0012,MSK,2025-07,1023,0
SKU_0012,MSK,2025-08,924,0
SKU_0012,MSK,2025-09,879,0
SKU_0012,MSK,2025-10,424,0
SKU_0012,MSK,2025-11,693,0
SKU_0012,MSK,2025-12,375,0
SKU_0013,MSK,2023-01,1633,0
SKU_0013,MSK,2023-02,2157,0
SKU_0013,MSK,2023-03,1585,0
SKU_0013,MSK,2023-04,946,0
SKU_0013,MSK,2023-05,2117,0
SKU_0013,MSK,2023-06,2924,0
SKU_0013,MSK,2023-07,2203,0
SKU_0013,MSK,2023-08,2901,0
SKU_0013,MSK,2023-09,1258,0
SKU_0013,MSK,2023-10,1164,0
SKU_0013,MSK,2023-11,1453,0
SKU_0013,MSK,2023-12,1475,0
SKU_0013,MSK,2024-01,2219,0
SKU_0013,MSK,2024-02,1734,0
SKU_0013,MSK,2024-03,1288,0
SKU_0013,MSK,2024-04,2373,0
SKU_0013,MSK,2024-05,1463,0
SKU_0013,MSK,2024-06,1118,0
SKU_0013,MSK,2024-07,1350,0
SKU_0013,MSK,2024-08,3601,0
SKU_0013,MSK,2024-09,2139,0
SKU_0013,MSK,2024-10,2234,0
SKU_0013,MSK,2024-11,1796,0
SKU_0013,MSK,2024-12,2050,0
SKU_0013,MSK,2025-01,1547,0
SKU_0013,MSK,2025-02,2250,0
SKU_0013,MSK,2025-03,2578,0
SKU_0013,MSK,2025-04,11717,0
SKU_0013,MSK,2025-05,2297,0
SKU_0013,MSK,2025-06,2675,0
SKU_0013,MSK,2025-07,2722,0
SKU_0013,MSK,2025-08,2999,0
SKU_0013,MSK,2025-09,2574,0
SKU_0013,MSK,2025-10,1405,0
SKU_0013,MSK,2025-11,1523,0
SKU_0013,MSK,2025-12,1338,0
SKU_0014,MSK,2023-01,1772,0
SKU_0014,MSK,2023-02,941,0
SKU_0014,MSK,2023-03,1874,0
SKU_0014,MSK,2023-04,1657,0
SKU_0014,MSK,2023-05,2343,0
SKU_0014,MSK,2023-06,2681,0
SKU_0014,MSK,2023-07,749,0
SKU_0014,MSK,2023-08,2267,0
SKU_0014,MSK,2023-09,1681,0
SKU_0014,MSK,2023-10,715,0
SKU_0014,MSK,2023-11,1826,0
SKU_0014,MSK,2023-12,1339,0
SKU_0014,MSK,2024-01,1865,0
SKU_0014,MSK,2024-02,702,0
SKU_0014,MSK,2024-03,872,0
SKU_0014,MSK,2024-04,1313,0
SKU_0014,MSK,2024-05,653,0
SKU_0014,MSK,2024-06,1,0
SKU_0014,MSK,2024-07,1697,0
SKU_0014,MSK,2024-08,2115,0
SKU_0014,MSK,2024-09,2038,0
SKU_0014,MSK,2024-10,1519,0
SKU_0014,MSK,2024-11,473,0
SKU_0014,MSK,2024-12,725,0
SKU_0014,MSK,2025-01,1550,0
SKU_0014,MSK,2025-02,598,0
SKU_0014,MSK,2025-03,1237,0
SKU_0014,MSK,2025-04,968,0
SKU_0014,MSK,2025-05,3969,0
SKU_0014,MSK,2025-06,2440,0
SKU_0014,MSK,2025-07,1461,0
SKU_0014,MSK,2025-08,813,0
SKU_0014,MSK,2025-09,1821,0
SKU_0014,MSK,2025-10,1198,0
SKU_0014,MSK,2025-11,2477,0
SKU_0014,MSK,2025-12,1376,0
SKU_0015,MSK,2023-01,1,0
SKU_0015,MSK,2023-02,0,0
SKU_0015,MSK,2023-03,1,0
SKU_0015,MSK,2023-04,7,0
SKU_0015,MSK,2023-05,1,0
SKU_0015,MSK,2023-06,1,0
SKU_0015,MSK,2023-07,1,0
SKU_0015,MSK,2023-08,1,0
SKU_0015,MSK,2023-09,1,0
SKU_0015,MSK,2023-10,1,0
SKU_0015,MSK,2023-11,9,0
SKU_0015,MSK,2023-12,1,0
SKU_0015,MSK,2024-01,2,0
SKU_0015,MSK,2024-02,0,0
SKU_0015,MSK,2024-03,2,0
SKU_0015,MSK,2024-04,14,0
SKU_0015,MSK,2024-05,9,0
SKU_0015,MSK,2024-06,1,0
SKU_0015,MSK,2024-07,1,0
SKU_0015,MSK,2024-08,1,0
SKU_0015,MSK,2024-09,1,0
SKU_0015,MSK,2024-10,0,0
SKU_0015,MSK,2024-11,3,0
SKU_0015,MSK,2024-12,5,0
SKU_0015,MSK,2025-01,6,0
SKU_0015,MSK,2025-02,2,0
SKU_0015,MSK,2025-03,1,0
SKU_0015,MSK,2025-04,1,0
SKU_0015,MSK,2025-05,2,0
SKU_0015,MSK,2025-06,1,0
SKU_0015,MSK,2025-07,1,0
SKU_0015,MSK,2025-08,4,0
SKU_0015,MSK,2025-09,7,0
SKU_0015,MSK,2025-10,1,0
SKU_0015,MSK,2025-11,1,0
SKU_0015,MSK,2025-12,1,0
SKU_0016,MSK,2023-01,145,0
SKU_0016,MSK,2023-02,196,0
SKU_0016,MSK,2023-03,128,0
SKU_0016,MSK,2023-04,237,0
SKU_0016,MSK,2023-05,63,0
SKU_0016,MSK,2023-06,82,0
SKU_0016,MSK,2023-07,107,0
SKU_0016,MSK,2023-08,92,0
SKU_0016,MSK,2023-09,48,0
SKU_0016,MSK,2023-10,129,0
SKU_0016,MSK,2023-11,135,0
SKU_0016,MSK,2023-12,167,0
SKU_0016,MSK,2024-01,66,0
SKU_0016,MSK,2024-02,196,0
SKU_0016,MSK,2024-03,227,0
SKU_0016,MSK,2024-04,120,0
SKU_0016,MSK,2024-05,147,0
SKU_0016,MSK,2024-06,93,0
SKU_0016,MSK,2024-07,183,0
SKU_0016,MSK,2024-08,179,0
SKU_0016,MSK,2024-09,139,0
SKU_0016,MSK,2024-10,127,0
SKU_0016,MSK,2024-11,112,0
SKU_0016,MSK,2024-12,52,0
SKU_0016,MSK,2025-01,96,0
SKU_0016,MSK,2025-02,78,0
SKU_0016,MSK,2025-03,117,0
SKU_0016,MSK,2025-04,73,0
SKU_0016,MSK,2025-05,255,0
SKU_0016,MSK,2025-06,212,0
SKU_0016,MSK,2025-07,230,0
SKU_0016,MSK,2025-08,148,0
SKU_0016,MSK,2025-09,73,0
SKU_0016,MSK,2025-10,50,0
SKU_0016,MSK,2025-11,103,0
SKU_0016,MSK,2025-12,56,0
SKU_0017,EKB,2023-01,32,0
SKU_0017,EKB,2023-02,16,0
SKU_0017,EKB,2023-03,13,0
SKU_0017,EKB,2023-04,29,0
SKU_0017,EKB,2023-05,46,0
SKU_0017,EKB,2023-06,32,0
SKU_0017,EKB,2023-07,24,0
SKU_0017,EKB,2023-08,19,0
SKU_0017,EKB,2023-09,28,0
SKU_0017,EKB,2023-10,31,0
SKU_0017,EKB,2023-11,57,0
SKU_0017,EKB,2023-12,36,0
SKU_0017,EKB,2024-01,43,0
SKU_0017,EKB,2024-02,32,0
SKU_0017,EKB,2024-03,33,0
SKU_0017,EKB,2024-04,15,0
SKU_0017,EKB,2024-05,41,0
SKU_0017,EKB,2024-06,46,0
SKU_0017,EKB,2024-07,48,0
SKU_0017,EKB,2024-08,50,0
SKU_0017,EKB,2024-09,42,0
SKU_0017,EKB,2024-10,11,0
SKU_0017,EKB,2024-11,12,0
SKU_0017,EKB,2024-12,14,0
SKU_0017,EKB,2025-01,35,0
SKU_0017,EKB,2025-02,21,0
SKU_0017,EKB,2025-03,51,0
SKU_0017,EKB,2025-04,41,0
SKU_0017,EKB,2025-05,59,0
SKU_0017,EKB,2025-06,74,0
SKU_0017,EKB,2025-07,28,0
SKU_0017,EKB,2025-08,66,0
SKU_0017,EKB,2025-09,20,0
SKU_0017,EKB,2025-10,49,0
SKU_0017,EKB,2025-11,38,0
SKU_0017,EKB,2025-12,28,0
SKU_0017,MSK,2023-01,146,0
SKU_0017,MSK,2023-02,65,0
SKU_0017,MSK,2023-03,119,0
SKU_0017,MSK,2023-04,64,0
SKU_0017,MSK,2023-05,107,0
SKU_0017,MSK,2023-06,80,0
SKU_0017,MSK,2023-07,88,0
SKU_0017,MSK,2023-08,210,0
SKU_0017,MSK,2023-09,100,0
SKU_0017,MSK,2023-10,92,0
SKU_0017,MSK,2023-11,134,0
SKU_0017,MSK,2023-12,119,0
SKU_0017,MSK,2024-01,145,0
SKU_0017,MSK,2024-02,51,0
SKU_0017,MSK,2024-03,173,0
SKU_0017,MSK,2024-04,142,0
SKU_0017,MSK,2024-05,106,0
SKU_0017,MSK,2024-06,136,0
SKU_0017,MSK,2024-07,303,0
SKU_0017,MSK,2024-08,274,0
SKU_0017,MSK,2024-09,192,0
SKU_0017,MSK,2024-10,122,0
SKU_0017,MSK,2024-11,41,0
SKU_0017,MSK,2024-12,91,0
SKU_0017,MSK,2025-01,117,0
SKU_0017,MSK,2025-02,55,0
SKU_0017,MSK,2025-03,70,0
SKU_0017,MSK,2025-04,187,0
SKU_0017,MSK,2025-05,149,0
SKU_0017,MSK,2025-06,111,0
SKU_0017,MSK,2025-07,161,0
SKU_0017,MSK,2025-08,254,0
SKU_0017,MSK,2025-09,190,0
SKU_0017,MSK,2025-10,70,0
SKU_0017,MSK,2025-11,230,0
SKU_0017,MSK,2025-12,63,0
SKU_0018,MSK,2023-01,107,0
SKU_0018,MSK,2023-02,117,0
SKU_0018,MSK,2023-03,337,0
SKU_0018,MSK,2023-04,361,0
SKU_0018,MSK,2023-05,226,0
SKU_0018,MSK,2023-06,419,0
SKU_0018,MSK,2023-07,307,0
SKU_0018,MSK,2023-08,242,0
SKU_0018,MSK,2023-09,305,0
SKU_0018,MSK,2023-10,409,0
SKU_0018,MSK,2023-11,308,0
SKU_0018,MSK,2023-12,181,0
SKU_0018,MSK,2024-01,102,0
SKU_0018,MSK,2024-02,325,0
SKU_0018,MSK,2024-03,121,0
SKU_0018,MSK,2024-04,214,0
SKU_0018,MSK,2024-05,226,0
SKU_0018,MSK,2024-06,593,0
SKU_0018,MSK,2024-07,313071,0
SKU_0018,MSK,2024-08,567289,0
SKU_0018,MSK,2024-09,190755,0
SKU_0018,MSK,2024-10,172932,0
SKU_0018,MSK,2024-11,143136,0
SKU_0018,MSK,2024-12,453375,0
SKU_0018,MSK,2025-01,107598,0
SKU_0018,MSK,2025-02,259377,0
SKU_0018,MSK,2025-03,136527,0
SKU_0018,MSK,2025-04,456345,0
SKU_0018,MSK,2025-05,401474,0
SKU_0018,MSK,2025-06,343461,0
SKU_0018,MSK,2025-07,516140,0
SKU_0018,MSK,2025-08,539446,0
SKU_0018,MSK,2025-09,595487,0
SKU_0018,MSK,2025-10,343078,0
SKU_0018,MSK,2025-11,286245,0
SKU_0018,MSK,2025-12,340560,0
SKU_0019,MSK,2023-01,96,0
SKU_0019,MSK,2023-02,81,0
SKU_0019,MSK,2023-03,129,0
SKU_0019,MSK,2023-04,87,0
SKU_0019,MSK,2023-05,129,0
SKU_0019,MSK,2023-06,178,0
SKU_0019,MSK,2023-07,98,0
SKU_0019,MSK,2023-08,67,0
SKU_0019,MSK,2023-09,251,0
SKU_0019,MSK,2023-10,161,0
SKU_0019,MSK,2023-11,209,0
SKU_0019,MSK,2023-12,109,0
SKU_0019,MSK,2024-01,185,0
SKU_0019,MSK,2024-02,82,0
SKU_0019,MSK,2024-03,52,0
SKU_0019,MSK,2024-04,70,0
SKU_0019,MSK,2024-05,189,0
SKU_0019,MSK,2024-06,60,0
SKU_0019,MSK,2024-07,214,0
SKU_0019,MSK,2024-08,130,0
SKU_0019,MSK,2024-09,72,0
SKU_0019,MSK,2024-10,89,0
SKU_0019,MSK,2024-11,104,0
SKU_0019,MSK,2024-12,98,0
SKU_0019,MSK,2025-01,98,0
SKU_0019,MSK,2025-02,114,0
SKU_0019,MSK,2025-03,114,0
SKU_0019,MSK,2025-04,141,0
SKU_0019,MSK,2025-05,123,0
SKU_0019,MSK,2025-06,203,0
SKU_0019,MSK,2025-07,211,0
SKU_0019,MSK,2025-08,223,0
SKU_0019,MSK,2025-09,230,0
SKU_0019,MSK,2025-10,244,0
SKU_0019,MSK,2025-11,153,0
SKU_0019,MSK,2025-12,96,0
SKU_0020,MSK,2023-01,3710,0
SKU_0020,MSK,2023-02,3772,0
SKU_0020,MSK,2023-03,2274,0
SKU_0020,MSK,2023-04,2468,0
SKU_0020,MSK,2023-05,5345,0
SKU_0020,MSK,2023-06,10633,0
SKU_0020,MSK,2023-07,2090,0
SKU_0020,MSK,2023-08,3260,0
SKU_0020,MSK,2023-09,2149,0
SKU_0020,MSK,2023-10,2405,0
SKU_0020,MSK,2023-11,1894,0
SKU_0020,MSK,2023-12,1768,0
SKU_0020,MSK,2024-01,3769,0
SKU_0020,MSK,2024-02,1998,0
SKU_0020,MSK,2024-03,4905,0
SKU_0020,MSK,2024-04,1385,0
SKU_0020,MSK,2024-05,4349,0
SKU_0020,MSK,2024-06,3045,0
SKU_0020,MSK,2024-07,2734,0
SKU_0020,MSK,2024-08,4329,0
SKU_0020,MSK,2024-09,3688,0
SKU_0020,MSK,2024-10,1521,0
SKU_0020,MSK,2024-11,4386,0
SKU_0020,MSK,2024-12,1293,0
SKU_0020,MSK,2025-01,5057,0
SKU_0020,MSK,2025-02,2839,0
SKU_0020,MSK,2025-03,3394,0
SKU_0020,MSK,2025-04,2455,0
SKU_0020,MSK,2025-05,2929,0
SKU_0020,MSK,2025-06,2144,0
SKU_0020,MSK,2025-07,1844,0
SKU_0020,MSK,2025-08,1831,0
SKU_0020,MSK,2025-09,3665,0
SKU_0020,MSK,2025-10,4603,0
SKU_0020,MSK,2025-11,3477,0
SKU_0020,MSK,2025-12,1000,0
SKU_0021,MSK,2023-01,449,0
SKU_0021,MSK,2023-02,709,0
SKU_0021,MSK,2023-03,414,0
SKU_0021,MSK,2023-04,302,0
SKU_0021,MSK,2023-05,574,0
SKU_0021,MSK,2023-06,1109,0
SKU_0021,MSK,2023-07,808,0
SKU_0021,MSK,2023-08,1227,0
SKU_0021,MSK,2023-09,329,0
SKU_0021,MSK,2023-10,677,0
SKU_0021,MSK,2023-11,645,0
SKU_0021,MSK,2023-12,734,0
SKU_0021,MSK,2024-01,226,0
SKU_0021,MSK,2024-02,276,0
SKU_0021,MSK,2024-03,477,0
SKU_0021,MSK,2024-04,711,0
SKU_0021,MSK,2024-05,932,0
SKU_0021,MSK,2024-06,754,0
SKU_0021,MSK,2024-07,579,0
SKU_0021,MSK,2024-08,1051,0
SKU_0021,MSK,2024-09,839,0
SKU_0021,MSK,2024-10,673,0
SKU_0021,MSK,2024-11,381,0
SKU_0021,MSK,2024-12,507,0
SKU_0021,MSK,2025-01,441,0
SKU_0021,MSK,2025-02,683,0
SKU_0021,MSK,2025-03,204,0
SKU_0021,MSK,2025-04,416,0
SKU_0021,MSK,2025-05,467,0
SKU_0021,MSK,2025-06,694,0
SKU_0021,MSK,2025-07,0,30
SKU_0021,MSK,2025-08,977,0
SKU_0021,MSK,2025-09,1178,0
SKU_0021,MSK,2025-10,408,0
SKU_0021,MSK,2025-11,378,0
SKU_0021,MSK,2025-12,450,0
SKU_0022,EKB,2023-01,701,0
SKU_0022,EKB,2023-02,830,0
SKU_0022,EKB,2023-03,251,0
SKU_0022,EKB,2023-04,877,0
SKU_0022,EKB,2023-05,531,0
SKU_0022,EKB,2023-06,565,0
SKU_0022,EKB,2023-07,746,0
SKU_0022,EKB,2023-08,942,0
SKU_0022,EKB,2023-09,365,0
SKU_0022,EKB,2023-10,338,0
SKU_0022,EKB,2023-11,311,0
SKU_0022,EKB,2023-12,600,0
SKU_0022,EKB,2024-01,556,0
SKU_0022,EKB,2024-02,760,0
SKU_0022,EKB,2024-03,1176,0
SKU_0022,EKB,2024-04,825,0
SKU_0022,EKB,2024-05,657,0
SKU_0022,EKB,2024-06,713,0
SKU_0022,EKB,2024-07,404,0
SKU_0022,EKB,2024-08,692,0
SKU_0022,EKB,2024-09,563,0
SKU_0022,EKB,2024-10,1040,0
SKU_0022,EKB,2024-11,997,0
SKU_0022,EKB,2024-12,1486,0
SKU_0022,EKB,2025-01,1201,0
SKU_0022,EKB,2025-02,1331,0
SKU_0022,EKB,2025-03,887,0
SKU_0022,EKB,2025-04,263,0
SKU_0022,EKB,2025-05,268,0
SKU_0022,EKB,2025-06,646,0
SKU_0022,EKB,2025-07,933,0
SKU_0022,EKB,2025-08,720,0
SKU_0022,EKB,2025-09,1002,0
SKU_0022,EKB,2025-10,1667,0
SKU_0022,EKB,2025-11,700,0
SKU_0022,EKB,2025-12,794,0
SKU_0022,MSK,2023-01,1323,0
SKU_0022,MSK,2023-02,2401,0
SKU_0022,MSK,2023-03,927,0
SKU_0022,MSK,2023-04,2022,0
SKU_0022,MSK,2023-05,1906,0
SKU_0022,MSK,2023-06,1368,0
SKU_0022,MSK,2023-07,1871,0
SKU_0022,MSK,2023-08,1093,0
SKU_0022,MSK,2023-09,2378,0
SKU_0022,MSK,2023-10,2620,0
SKU_0022,MSK,2023-11,784,0
SKU_0022,MSK,2023-12,2728,0
SKU_0022,MSK,2024-01,1691,0
SKU_0022,MSK,2024-02,1079,0
SKU_0022,MSK,2024-03,1924,0
SKU_0022,MSK,2024-04,2108,0
SKU_0022,MSK,2024-05,1193,0
SKU_0022,MSK,2024-06,1558,0
SKU_0022,MSK,2024-07,2176,0
SKU_0022,MSK,2024-08,1585,0
SKU_0022,MSK,2024-09,1359,0
SKU_0022,MSK,2024-10,3469,0
SKU_0022,MSK,2024-11,3107,0
SKU_0022,MSK,2024-12,3562,0
SKU_0022,MSK,2025-01,2769,0
SKU_0022,MSK,2025-02,3571,0
SKU_0022,MSK,2025-03,1203,0
SKU_0022,MSK,2025-04,2629,0
SKU_0022,MSK,2025-05,995,0
SKU_0022,MSK,2025-06,2265,0
SKU_0022,MSK,2025-07,1760,0
SKU_0022,MSK,2025-08,971,0
SKU_0022,MSK,2025-09,2304,0
SKU_0022,MSK,2025-10,1286,0
SKU_0022,MSK,2025-11,1240,0
SKU_0022,MSK,2025-12,973,0
SKU_0023,MSK,2023-01,1318,0
SKU_0023,MSK,2023-02,2467,0
SKU_0023,MSK,2023-03,1331,0
SKU_0023,MSK,2023-04,1248,0
SKU_0023,MSK,2023-05,606,0
SKU_0023,MSK,2023-06,1190,0
SKU_0023,MSK,2023-07,1051,0
SKU_0023,MSK,2023-08,745,0
SKU_0023,MSK,2023-09,1033,0
SKU_0023,MSK,2023-10,1606,0
SKU_0023,MSK,2023-11,1293,0
SKU_0023,MSK,2023-12,2588,0
SKU_0023,MSK,2024-01,916,0
SKU_0023,MSK,2024-02,1622,0
SKU_0023,MSK,2024-03,1773,0
SKU_0023,MSK,2024-04,1771,0
SKU_0023,MSK,2024-05,1181,0
SKU_0023,MSK,2024-06,1936,0
SKU_0023,MSK,2024-07,827,0
SKU_0023,MSK,2024-08,2197,0
SKU_0023,MSK,2024-09,2820,0
SKU_0023,MSK,2024-10,1328,0
SKU_0023,MSK,2024-11,1905,0
SKU_0023,MSK,2024-12,2995,0
SKU_0023,MSK,2025-01,1546,0
SKU_0023,MSK,2025-02,2173,0
SKU_0023,MSK,2025-03,2000,0
SKU_0023,MSK,2025-04,556,0
SKU_0023,MSK,2025-05,1272,0
SKU_0023,MSK,2025-06,1888,0
SKU_0023,MSK,2025-07,1566,0
SKU_0023,MSK,2025-08,575,0
SKU_0023,MSK,2025-09,2110,0
SKU_0023,MSK,2025-10,6457,0
SKU_0023,MSK,2025-11,2576,0
SKU_0023,MSK,2025-12,1274,0
SKU_0024,MSK,2023-01,0,0
SKU_0024,MSK,2023-02,1,0
SKU_0024,MSK,2023-03,2,0
SKU_0024,MSK,2023-04,2,0
SKU_0024,MSK,2023-05,2,0
SKU_0024,MSK,2023-06,1,0
SKU_0024,MSK,2023-07,1,0
SKU_0024,MSK,2023-08,12,0
SKU_0024,MSK,2023-09,2,0
SKU_0024,MSK,2023-10,1,0
SKU_0024,MSK,2023-11,1,0
SKU_0024,MSK,2023-12,1,0
SKU_0024,MSK,2024-01,1,0
SKU_0024,MSK,2024-02,1,0
SKU_0024,MSK,2024-03,1,0
SKU_0024,MSK,2024-04,1,0
SKU_0024,MSK,2024-05,2,0
SKU_0024,MSK,2024-06,18,0
SKU_0024,MSK,2024-07,1,0
SKU_0024,MSK,2024-08,5,0
SKU_0024,MSK,2024-09,2,0
SKU_0024,MSK,2024-10,3,0
SKU_0024,MSK,2024-11,1,0
SKU_0024,MSK,2024-12,1,0
SKU_0024,MSK,2025-01,6,0
SKU_0024,MSK,2025-02,5,0
SKU_0024,MSK,2025-03,2,0
SKU_0024,MSK,2025-04,1,0
SKU_0024,MSK,2025-05,1,0
SKU_0024,MSK,2025-06,1,0
SKU_0024,MSK,2025-07,9,0
SKU_0024,MSK,2025-08,1,0
SKU_0024,MSK,2025-09,1,0
SKU_0024,MSK,2025-10,7,0
SKU_0024,MSK,2025-11,12,0
SKU_0024,MSK,2025-12,1,0
SKU_0025,MSK,2023-01,5682,0
SKU_0025,MSK,2023-02,5459,0
SKU_0025,MSK,2023-03,2235,0
SKU_0025,MSK,2023-04,4424,0
SKU_0025,MSK,2023-05,4177,0
SKU_0025,MSK,2023-06,1738,0
SKU_0025,MSK,2023-07,1468,0
SKU_0025,MSK,2023-08,868,0
SKU_0025,MSK,2023-09,2068,0
SKU_0025,MSK,2023-10,3277,0
SKU_0025,MSK,2023-11,1394,0
SKU_0025,MSK,2023-12,2044,0
SKU_0025,MSK,2024-01,1163,0
SKU_0025,MSK,2024-02,2827,0
SKU_0025,MSK,2024-03,5831,0
SKU_0025,MSK,2024-04,3096,0
SKU_0025,MSK,2024-05,3786,0
SKU_0025,MSK,2024-06,2484,0
SKU_0025,MSK,2024-07,3418,0
SKU_0025,MSK,2024-08,1811,0
SKU_0025,MSK,2024-09,2584,0
SKU_0025,MSK,2024-10,980,0
SKU_0025,MSK,2024-11,1408,0
SKU_0025,MSK,2024-12,5094,0
SKU_0025,MSK,2025-01,5880,0
SKU_0025,MSK,2025-02,3307,0
SKU_0025,MSK,2025-03,1649,0
SKU_0025,MSK,2025-04,2626,0
SKU_0025,MSK,2025-05,1085,0
SKU_0025,MSK,2025-06,3029,0
SKU_0025,MSK,2025-07,2704,0
SKU_0025,MSK,2025-08,1031,0
SKU_0025,MSK,2025-09,4554,0
SKU_0025,MSK,2025-10,1128,0
SKU_0025,MSK,2025-11,1579,0
SKU_0025,MSK,2025-12,4633,0
SKU_0026,MSK,2025-08,1347,0
SKU_0026,MSK,2025-09,1008,0
SKU_0026,MSK,2025-10,503,0
SKU_0026,MSK,2025-11,485,0
SKU_0026,MSK,2025-12,910,0
SKU_0027,EKB,2023-01,607,0
SKU_0027,EKB,2023-02,486,0
SKU_0027,EKB,2023-03,309,0
SKU_0027,EKB,2023-04,603,0
SKU_0027,EKB,2023-05,483,0
SKU_0027,EKB,2023-06,639,0
SKU_0027,EKB,2023-07,984,0
SKU_0027,EKB,2023-08,626,0
SKU_0027,EKB,2023-09,473,0
SKU_0027,EKB,2023-10,239,0
SKU_0027,EKB,2023-11,657,0
SKU_0027,EKB,2023-12,567,0
SKU_0027,EKB,2024-01,738,0
SKU_0027,EKB,2024-02,490,0
SKU_0027,EKB,2024-03,745,0
SKU_0027,EKB,2024-04,373,0
SKU_0027,EKB,2024-05,255,0
SKU_0027,EKB,2024-06,1000,0
SKU_0027,EKB,2024-07,310,0
SKU_0027,EKB,2024-08,1240,0
SKU_0027,EKB,2024-09,436,0
SKU_0027,EKB,2024-10,472,0
SKU_0027,EKB,2024-11,735,0
SKU_0027,EKB,2024-12,294,0
SKU_0027,EKB,2025-01,183,0
SKU_0027,EKB,2025-02,155,0
SKU_0027,EKB,2025-03,325,0
SKU_0027,EKB,2025-04,881,0
SKU_0027,EKB,2025-05,277,0
SKU_0027,EKB,2025-06,341,0
SKU_0027,EKB,2025-07,1004,0
SKU_0027,EKB,2025-08,870,0
SKU_0027,EKB,2025-09,858,0
SKU_0027,EKB,2025-10,502,0
SKU_0027,EKB,2025-11,258,0
SKU_0027,EKB,2025-12,284,0
SKU_0027,MSK,2023-01,1207,0
SKU_0027,MSK,2023-02,1689,0
SKU_0027,MSK,2023-03,594,0
SKU_0027,MSK,2023-04,1011,0
SKU_0027,MSK,2023-05,2166,0
SKU_0027,MSK,2023-06,3473,0
SKU_0027,MSK,2023-07,2732,0
SKU_0027,MSK,2023-08,2141,0
SKU_0027,MSK,2023-09,2866,0
SKU_0027,MSK,2023-10,2269,0
SKU_0027,MSK,2023-11,1683,0
SKU_0027,MSK,2023-12,1761,0
SKU_0027,MSK,2024-01,1193,0
SKU_0027,MSK,2024-02,1739,0
SKU_0027,MSK,2024-03,1299,0
SKU_0027,MSK,2024-04,1404,0
SKU_0027,MSK,2024-05,1279,0
SKU_0027,MSK,2024-06,2607,0
SKU_0027,MSK,2024-07,2004,0
SKU_0027,MSK,2024-08,1037,0
SKU_0027,MSK,2024-09,1491,0
SKU_0027,MSK,2024-10,1846,0
SKU_0027,MSK,2024-11,2237,0
SKU_0027,MSK,2024-12,1642,0
SKU_0027,MSK,2025-01,1718,0
SKU_0027,MSK,2025-02,1424,0
SKU_0027,MSK,2025-03,1238,0
SKU_0027,MSK,2025-04,2026,0
SKU_0027,MSK,2025-05,2046,0
SKU_0027,MSK,2025-06,2045,0
SKU_0027,MSK,2025-07,987,0
SKU_0027,MSK,2025-08,2490,0
SKU_0027,MSK,2025-09,1578,0
SKU_0027,MSK,2025-10,846,0
SKU_0027,MSK,2025-11,2143,0
SKU_0027,MSK,2025-12,543,0
SKU_0028,MSK,2023-01,102,0
SKU_0028,MSK,2023-02,94,0
SKU_0028,MSK,2023-03,61,0
SKU_0028,MSK,2023-04,95,0
SKU_0028,MSK,2023-05,120,0
SKU_0028,MSK,2023-06,210,0
SKU_0028,MSK,2023-07,202,0
SKU_0028,MSK,2023-08,120,0
SKU_0028,MSK,2023-09,193,0
SKU_0028,MSK,2023-10,175,0
SKU_0028,MSK,2023-11,152,0
SKU_0028,MSK,2023-12,411,0
SKU_0028,MSK,2024-01,95,0
SKU_0028,MSK,2024-02,43,0
SKU_0028,MSK,2024-03,116,0
SKU_0028,MSK,2024-04,88,0
SKU_0028,MSK,2024-05,85,0
SKU_0028,MSK,2024-06,69,0
SKU_0028,MSK,2024-07,217,0
SKU_0028,MSK,2024-08,170,0
SKU_0028,MSK,2024-09,403,0
SKU_0028,MSK,2024-10,177,0
SKU_0028,MSK,2024-11,188,0
SKU_0028,MSK,2024-12,82,0
SKU_0028,MSK,2025-01,152,0
SKU_0028,MSK,2025-02,224,0
SKU_0028,MSK,2025-03,55,0
SKU_0028,MSK,2025-04,160,0
SKU_0028,MSK,2025-05,199,0
SKU_0028,MSK,2025-06,65,0
SKU_0028,MSK,2025-07,287,0
SKU_0028,MSK,2025-08,262,0
SKU_0028,MSK,2025-09,293,0
SKU_0028,MSK,2025-10,348,0
SKU_0028,MSK,2025-11,108,0
SKU_0028,MSK,2025-12,145,0
SKU_0029,MSK,2025-08,234,0
SKU_0029,MSK,2025-09,808,0
SKU_0029,MSK,2025-10,400,0
SKU_0029,MSK,2025-11,668,0
SKU_0029,MSK,2025-12,1289,0
SKU_0030,MSK,2023-01,370,0
SKU_0030,MSK,2023-02,343,0
SKU_0030,MSK,2023-03,217,0
SKU_0030,MSK,2023-04,413,0
SKU_0030,MSK,2023-05,964,0
SKU_0030,MSK,2023-06,825,0
SKU_0030,MSK,2023-07,691,0
SKU_0030,MSK,2023-08,576,0
SKU_0030,MSK,2023-09,1064,0
SKU_0030,MSK,2023-10,634,0
SKU_0030,MSK,2023-11,489,0
SKU_0030,MSK,2023-12,778,0
SKU_0030,MSK,2024-01,431,0
SKU_0030,MSK,2024-02,505,0
SKU_0030,MSK,2024-03,154,0
SKU_0030,MSK,2024-04,748,0
SKU_0030,MSK,2024-05,447,0
SKU_0030,MSK,2024-06,843,0
SKU_0030,MSK,2024-07,876,0
SKU_0030,MSK,2024-08,730,0
SKU_0030,MSK,2024-09,892,0
SKU_0030,MSK,2024-10,1079,0
SKU_0030,MSK,2024-11,741,0
SKU_0030,MSK,2024-12,530,0
SKU_0030,MSK,2025-01,346,0
SKU_0030,MSK,2025-02,738,0
SKU_0030,MSK,2025-03,341,0
SKU_0030,MSK,2025-04,1050,0
SKU_0030,MSK,2025-05,689,0
SKU_0030,MSK,2025-06,1111,0
SKU_0030,MSK,2025-07,754,0
SKU_0030,MSK,2025-08,657,0
SKU_0030,MSK,2025-09,834,0
SKU_0030,MSK,2025-10,581,0
SKU_0030,MSK,2025-11,294,0
SKU_0030,MSK,2025-12,993,0
SKU_0031,MSK,2023-01,1,0
SKU_0031,MSK,2023-02,2,0
SKU_0031,MSK,2023-03,1,0
SKU_0031,MSK,2023-04,1,0
SKU_0031,MSK,2023-05,1,0
SKU_0031,MSK,2023-06,2,0
SKU_0031,MSK,2023-07,0,0
SKU_0031,MSK,2023-08,1,0
SKU_0031,MSK,2023-09,176,0
SKU_0031,MSK,2023-10,172,0
SKU_0031,MSK,2023-11,87,0
SKU_0031,MSK,2023-12,131,0
SKU_0031,MSK,2024-01,75,0
SKU_0031,MSK,2024-02,1,0
SKU_0031,MSK,2024-03,44,0
SKU_0031,MSK,2024-04,89,0
SKU_0031,MSK,2024-05,2,0
SKU_0031,MSK,2024-06,1,0
SKU_0031,MSK,2024-07,1,0
SKU_0031,MSK,2024-08,2,0
SKU_0031,MSK,2024-09,41,0
SKU_0031,MSK,2024-10,52,0
SKU_0031,MSK,2024-11,124,0
SKU_0031,MSK,2024-12,2,0
SKU_0031,MSK,2025-01,2,0
SKU_0031,MSK,2025-02,1,0
SKU_0031,MSK,2025-03,1,0
SKU_0031,MSK,2025-04,2,0
SKU_0031,MSK,2025-05,68,0
SKU_0031,MSK,2025-06,1,0
SKU_0031,MSK,2025-07,83,0
SKU_0031,MSK,2025-08,92,0
SKU_0031,MSK,2025-09,164,0
SKU_0031,MSK,2025-10,1,0
SKU_0031,MSK,2025-11,2,0
SKU_0031,MSK,2025-12,1,0
SKU_0032,MSK,2023-01,2254,0
SKU_0032,MSK,2023-02,2420,0
SKU_0032,MSK,2023-03,1411,0
SKU_0032,MSK,2023-04,1440,0
SKU_0032,MSK,2023-05,1274,0
SKU_0032,MSK,2023-06,473,0
SKU_0032,MSK,2023-07,1205,0
SKU_0032,MSK,2023-08,1425,0
SKU_0032,MSK,2023-09,1985,0
SKU_0032,MSK,2023-10,1563,0
SKU_0032,MSK,2023-11,2254,0
SKU_0032,MSK,2023-12,2164,0
SKU_0032,MSK,2024-01,2197,0
SKU_0032,MSK,2024-02,2665,0
SKU_0032,MSK,2024-03,1006,0
SKU_0032,MSK,2024-04,1793,0
SKU_0032,MSK,2024-05,1103,0
SKU_0032,MSK,2024-06,736,0
SKU_0032,MSK,2024-07,1289,0
SKU_0032,MSK,2024-08,1902,0
SKU_0032,MSK,2024-09,3026,0
SKU_0032,MSK,2024-10,2999,0
SKU_0032,MSK,2024-11,2884,0
SKU_0032,MSK,2024-12,3700,0
SKU_0032,MSK,2025-01,848,0
SKU_0032,MSK,2025-02,3063,0
SKU_0032,MSK,2025-03,661,0
SKU_0032,MSK,2025-04,1142,0
SKU_0032,MSK,2025-05,1406,0
SKU_0032,MSK,2025-06,1706,0
SKU_0032,MSK,2025-07,2087,0
SKU_0032,MSK,2025-08,965,0
SKU_0032,MSK,2025-09,1642,0
SKU_0032,MSK,2025-10,1999,0
SKU_0032,MSK,2025-11,2674,0
SKU_0032,MSK,2025-12,825,0
SKU_0033,MSK,2023-01,2785,0
SKU_0033,MSK,2023-02,5408,0
SKU_0033,MSK,2023-03,3229,0
SKU_0033,MSK,2023-04,1679,0
SKU_0033,MSK,2023-05,2993,0
SKU_0033,MSK,2023-06,3762,0
SKU_0033,MSK,2023-07,2768,0
SKU_0033,MSK,2023-08,3172,0
SKU_0033,MSK,2023-09,2382,0
SKU_0033,MSK,2023-10,6335,0
SKU_0033,MSK,2023-11,2642,0
SKU_0033,MSK,2023-12,3660,0
SKU_0033,MSK,2024-01,2302,0
SKU_0033,MSK,2024-02,4547,0
SKU_0033,MSK,2024-03,0,30
SKU_0033,MSK,2024-04,0,30
SKU_0033,MSK,2024-05,5087,0
SKU_0033,MSK,2024-06,2039,0
SKU_0033,MSK,2024-07,4615,0
SKU_0033,MSK,2024-08,2502,0
SKU_0033,MSK,2024-09,2842,0
SKU_0033,MSK,2024-10,4916,0
SKU_0033,MSK,2024-11,3409,0
SKU_0033,MSK,2024-12,4202,0
SKU_0033,MSK,2025-01,2736,0
SKU_0033,MSK,2025-02,3185,0
SKU_0033,MSK,2025-03,5630,0
SKU_0033,MSK,2025-04,3521,0
SKU_0033,MSK,2025-05,2491,0
SKU_0033,MSK,2025-06,1200,0
SKU_0033,MSK,2025-07,3876,0
SKU_0033,MSK,2025-08,1866,0
SKU_0033,MSK,2025-09,1881,0
SKU_0033,MSK,2025-10,5910,0
SKU_0033,MSK,2025-11,8137,0
SKU_0033,MSK,2025-12,3125,0
SKU_0034,EKB,2023-01,641,0
SKU_0034,EKB,2023-02,373,0
SKU_0034,EKB,2023-03,268,0
SKU_0034,EKB,2023-04,200,0
SKU_0034,EKB,2023-05,140,0
SKU_0034,EKB,2023-06,275,0
SKU_0034,EKB,2023-07,285,0
SKU_0034,EKB,2023-08,300,0
SKU_0034,EKB,2023-09,448,0
SKU_0034,EKB,2023-10,512,0
SKU_0034,EKB,2023-11,442,0
SKU_0034,EKB,2023-12,661,0
SKU_0034,EKB,2024-01,326,0
SKU_0034,EKB,2024-02,156,0
SKU_0034,EKB,2024-03,200,0
SKU_0034,EKB,2024-04,324,0
SKU_0034,EKB,2024-05,237,0
SKU_0034,EKB,2024-06,167,0
SKU_0034,EKB,2024-07,210,0
SKU_0034,EKB,2024-08,265,0
SKU_0034,EKB,2024-09,284,0
SKU_0034,EKB,2024-10,241,0
SKU_0034,EKB,2024-11,617,0
SKU_0034,EKB,2024-12,658,0
SKU_0034,EKB,2025-01,289,0
SKU_0034,EKB,2025-02,387,0
SKU_0034,EKB,2025-03,609,0
SKU_0034,EKB,2025-04,481,0
SKU_0034,EKB,2025-05,364,0
SKU_0034,EKB,2025-06,446,0
SKU_0034,EKB,2025-07,429,0
SKU_0034,EKB,2025-08,568,0
SKU_0034,EKB,2025-09,472,0
SKU_0034,EKB,2025-10,630,0
SKU_0034,EKB,2025-11,782,0
SKU_0034,EKB,2025-12,548,0
SKU_0034,MSK,2023-01,1200,0
SKU_0034,MSK,2023-02,473,0
SKU_0034,MSK,2023-03,856,0
SKU_0034,MSK,2023-04,555,0
SKU_0034,MSK,2023-05,764,0
SKU_0034,MSK,2023-06,304,0
SKU_0034,MSK,2023-07,736,0
SKU_0034,MSK,2023-08,655,0
SKU_0034,MSK,2023-09,332,0
SKU_0034,MSK,2023-10,1246,0
SKU_0034,MSK,2023-11,1351,0
SKU_0034,MSK,2023-12,365,0
SKU_0034,MSK,2024-01,582,0
SKU_0034,MSK,2024-02,839,0
SKU_0034,MSK,2024-03,314,0
SKU_0034,MSK,2024-04,536,0
SKU_0034,MSK,2024-05,389,0
SKU_0034,MSK,2024-06,343,0
SKU_0034,MSK,2024-07,756,0
SKU_0034,MSK,2024-08,385,0
SKU_0034,MSK,2024-09,643,0
SKU_0034,MSK,2024-10,1110,0
SKU_0034,MSK,2024-11,1235,0
SKU_0034,MSK,2024-12,1533,0
SKU_0034,MSK,2025-01,540,0
SKU_0034,MSK,2025-02,669,0
SKU_0034,MSK,2025-03,859,0
SKU_0034,MSK,2025-04,813,0
SKU_0034,MSK,2025-05,768,0
SKU_0034,MSK,2025-06,429,0
SKU_0034,MSK,2025-07,340,0
SKU_0034,MSK,2025-08,432,0
SKU_0034,MSK,2025-09,840,0
SKU_0034,MSK,2025-10,1668,0
SKU_0034,MSK,2025-11,1476,0
SKU_0034,MSK,2025-12,1333,0
SKU_0035,MSK,2025-08,189,0
SKU_0035,MSK,2025-09,381,0
SKU_0035,MSK,2025-10,370,0
SKU_0035,MSK,2025-11,550,0
SKU_0035,MSK,2025-12,540,0
SKU_0036,MSK,2024-10,317,0
SKU_0036,MSK,2024-11,407,0
SKU_0036,MSK,2024-12,255,0
SKU_0036,MSK,2025-01,162,0
SKU_0036,MSK,2025-02,366,0
SKU_0036,MSK,2025-03,262,0
SKU_0036,MSK,2025-04,468,0
SKU_0036,MSK,2025-05,373,0
SKU_0036,MSK,2025-06,250,0
SKU_0036,MSK,2025-07,349,0
SKU_0036,MSK,2025-08,268,0
SKU_0036,MSK,2025-09,248,0
SKU_0036,MSK,2025-10,159,0
SKU_0036,MSK,2025-11,442,0
SKU_0036,MSK,2025-12,291,0
SKU_0037,MSK,2023-01,314,0
SKU_0037,MSK,2023-02,89,0
SKU_0037,MSK,2023-03,78,0
SKU_0037,MSK,2023-04,187,0
SKU_0037,MSK,2023-05,373,0
SKU_0037,MSK,2023-06,439,0
SKU_0037,MSK,2023-07,192,0
SKU_0037,MSK,2023-08,449,0
SKU_0037,MSK,2023-09,185,0
SKU_0037,MSK,2023-10,618,0
SKU_0037,MSK,2023-11,475,0
SKU_0037,MSK,2023-12,421,0
SKU_0037,MSK,2024-01,390,0
SKU_0037,MSK,2024-02,233,0
SKU_0037,MSK,2024-03,105,0
SKU_0037,MSK,2024-04,260,0
SKU_0037,MSK,2024-05,108,0
SKU_0037,MSK,2024-06,393,0
SKU_0037,MSK,2024-07,177,0
SKU_0037,MSK,2024-08,571,0
SKU_0037,MSK,2024-09,428,0
SKU_0037,MSK,2024-10,504,0
SKU_0037,MSK,2024-11,387,0
SKU_0037,MSK,2024-12,281,0
SKU_0037,MSK,2025-01,187,0
SKU_0037,MSK,2025-02,456,0
SKU_0037,MSK,2025-03,127,0
SKU_0037,MSK,2025-04,339,0
SKU_0037,MSK,2025-05,372,0
SKU_0037,MSK,2025-06,525,0
SKU_0037,MSK,2025-07,373,0
SKU_0037,MSK,2025-08,427,0
SKU_0037,MSK,2025-09,620,0
SKU_0037,MSK,2025-10,301,0
SKU_0037,MSK,2025-11,422,0
SKU_0037,MSK,2025-12,527,0
SKU_0038,MSK,2023-01,162,0
SKU_0038,MSK,2023-02,200,0
SKU_0038,MSK,2023-03,203,0
SKU_0038,MSK,2023-04,213,0
SKU_0038,MSK,2023-05,226,0
SKU_0038,MSK,2023-06,78,0
SKU_0038,MSK,2023-07,78,0
SKU_0038,MSK,2023-08,65,0
SKU_0038,MSK,2023-09,59,0
SKU_0038,MSK,2023-10,38,0
SKU_0038,MSK,2023-11,51,0
SKU_0038,MSK,2023-12,151,0
SKU_0038,MSK,2024-01,45,0
SKU_0038,MSK,2024-02,168,0
SKU_0038,MSK,2024-03,268,0
SKU_0038,MSK,2024-04,176,0
SKU_0038,MSK,2024-05,177,0
SKU_0038,MSK,2024-06,213,0
SKU_0038,MSK,2024-07,235,0
SKU_0038,MSK,2024-08,135,0
SKU_0038,MSK,2024-09,80,0
SKU_0038,MSK,2024-10,109,0
SKU_0038,MSK,2024-11,53,0
SKU_0038,MSK,2024-12,143,0
SKU_0038,MSK,2025-01,84,0
SKU_0038,MSK,2025-02,0,30
SKU_0038,MSK,2025-03,0,30
SKU_0038,MSK,2025-04,199,0
SKU_0038,MSK,2025-05,292,0
SKU_0038,MSK,2025-06,228,0
SKU_0038,MSK,2025-07,162,0
SKU_0038,MSK,2025-08,98,0
SKU_0038,MSK,2025-09,214,0
SKU_0038,MSK,2025-10,129,0
SKU_0038,MSK,2025-11,93,0
SKU_0038,MSK,2025-12,40,0
SKU_0039,MSK,2023-01,973,0
SKU_0039,MSK,2023-02,878,0
SKU_0039,MSK,2023-03,1735,0
SKU_0039,MSK,2023-04,1074,0
SKU_0039,MSK,2023-05,2020,0
SKU_0039,MSK,2023-06,1437,0
SKU_0039,MSK,2023-07,1404,0
SKU_0039,MSK,2023-08,1024,0
SKU_0039,MSK,2023-09,2751,0
SKU_0039,MSK,2023-10,1670,0
SKU_0039,MSK,2023-11,2327,0
SKU_0039,MSK,2023-12,1285,0
SKU_0039,MSK,2024-01,596,0
SKU_0039,MSK,2024-02,834,0
SKU_0039,MSK,2024-03,645,0
SKU_0039,MSK,2024-04,2490,0
SKU_0039,MSK,2024-05,2037,0
SKU_0039,MSK,2024-06,587,0
SKU_0039,MSK,2024-07,2230,0
SKU_0039,MSK,2024-08,3266,0
SKU_0039,MSK,2024-09,2262,0
SKU_0039,MSK,2024-10,2293,0
SKU_0039,MSK,2024-11,2276,0
SKU_0039,MSK,2024-12,1351,0
SKU_0039,MSK,2025-01,1513,0
SKU_0039,MSK,2025-02,2851,0
SKU_0039,MSK,2025-03,1845,0
SKU_0039,MSK,2025-04,1769,0
SKU_0039,MSK,2025-05,1952,0
SKU_0039,MSK,2025-06,2550,0
SKU_0039,MSK,2025-07,963,0
SKU_0039,MSK,2025-08,2508,0
SKU_0039,MSK,2025-09,2426,0
SKU_0039,MSK,2025-10,2492,0
SKU_0039,MSK,2025-11,1184,0
SKU_0039,MSK,2025-12,2876,0
SKU_0040,MSK,2023-01,0,0
SKU_0040,MSK,2023-02,0,0
SKU_0040,MSK,2023-03,1,0
SKU_0040,MSK,2023-04,1,0
SKU_0040,MSK,2023-05,50,0
SKU_0040,MSK,2023-06,1,0
SKU_0040,MSK,2023-07,48,0
SKU_0040,MSK,2023-08,1,0
SKU_0040,MSK,2023-09,1,0
SKU_0040,MSK,2023-10,16,0
SKU_0040,MSK,2023-11,1,0
SKU_0040,MSK,2023-12,25,0
SKU_0040,MSK,2024-01,1,0
SKU_0040,MSK,2024-02,2,0
SKU_0040,MSK,2024-03,35,0
SKU_0040,MSK,2024-04,50,0
SKU_0040,MSK,2024-05,1,0
SKU_0040,MSK,2024-06,1,0
SKU_0040,MSK,2024-07,1,0
SKU_0040,MSK,2024-08,1,0
SKU_0040,MSK,2024-09,11,0
SKU_0040,MSK,2024-10,2,0
SKU_0040,MSK,2024-11,24,0
SKU_0040,MSK,2024-12,2,0
SKU_0040,MSK,2025-01,2,0
SKU_0040,MSK,2025-02,2,0
SKU_0040,MSK,2025-03,1,0
SKU_0040,MSK,2025-04,19,0
SKU_0040,MSK,2025-05,21,0
SKU_0040,MSK,2025-06,1,0
SKU_0040,MSK,2025-07,2,0
SKU_0040,MSK,2025-08,1,0
SKU_0040,MSK,2025-09,41,0
SKU_0040,MSK,2025-10,0,0
SKU_0040,MSK,2025-11,12,0
SKU_0040,MSK,2025-12,1,0
